ID,category_A,category_B,category_C,category_D,category_E,category_F
QCT1000000001,1,1,0,0,1,0
QCT1000000002,0,1,0,1,1,1
QCT1000000003,0,1,1,0,1,0
QCT1000000004,1,1,0,1,0,0
QCT1000000005,0,1,0,0,1,1
QCT1000000006,1,1,1,1,1,1
QCT1000000007,0,0,1,0,0,1
QCT1000000008,1,0,1,0,0,1
QCT1000000009,1,1,1,1,0,1
QCT1000000010,0,1,0,1,0,0
QCT1000000011,1,0,0,0,1,1
QCT1000000012,1,0,0,0,1,1
QCT1000000013,1,0,0,1,0,1
QCT1000000014,1,0,1,0,0,0
QCT1000000015,0,0,1,0,0,1
QCT1000000016,0,0,0,0,1,0
QCT1000000017,1,0,1,1,0,0
QCT1000000018,0,1,0,1,1,1
QCT1000000019,0,1,0,0,1,1
QCT1000000020,0,0,1,0,1,1
QCT1000000021,1,0,0,1,0,0
QCT1000000022,1,0,0,1,0,1
QCT1000000023,0,0,1,1,1,0
QCT1000000024,0,1,1,1,0,0
QCT1000000025,1,0,0,1,0,1
QCT1000000026,1,0,0,0,1,1
QCT1000000027,1,0,1,1,1,1
QCT1000000028,1,0,0,1,0,0
QCT1000000029,1,1,0,0,1,0
QCT1000000030,1,0,0,1,0,0
QCT1000000031,1,0,1,0,0,1
QCT1000000032,0,1,0,0,0,1
QCT1000000033,0,0,1,0,1,1
QCT1000000034,0,1,0,1,1,0
QCT1000000035,1,1,1,1,0,0
QCT1000000036,0,0,1,1,1,0
QCT1000000037,1,1,1,1,0,1
QCT1000000038,1,1,0,0,1,0
QCT1000000039,0,0,1,1,1,1
QCT1000000040,0,0,0,0,0,0
QCT1000000041,1,1,1,0,1,0
QCT1000000042,0,0,1,1,1,0
QCT1000000043,1,0,0,0,1,1
QCT1000000044,1,1,0,0,0,1
QCT1000000045,0,1,1,1,1,1
QCT1000000046,1,0,1,1,0,1
QCT1000000047,0,0,1,0,1,0
QCT1000000048,0,0,1,0,1,1
QCT1000000049,0,1,1,0,1,1
QCT1000000050,0,0,1,0,1,0
QCT1000000051,1,0,0,1,0,0
QCT1000000052,0,1,0,0,1,1
QCT1000000053,0,0,0,0,1,0
QCT1000000054,0,0,0,1,1,1
QCT1000000055,1,1,0,1,1,1
QCT1000000056,1,0,0,0,0,0
QCT1000000057,0,0,0,0,1,1
QCT1000000058,1,0,0,1,1,1
QCT1000000059,1,0,0,0,1,1
QCT1000000060,1,1,1,0,0,1
QCT1000000061,0,1,0,0,0,1
QCT1000000062,0,0,0,0,0,1
QCT1000000063,0,0,0,1,0,0
QCT1000000064,0,1,0,0,1,1
QCT1000000065,1,0,1,0,0,1
QCT1000000066,0,1,1,1,1,1
QCT1000000067,1,0,0,1,1,0
QCT1000000068,1,0,1,0,1,1
QCT1000000069,1,1,1,1,1,0
QCT1000000070,0,0,1,0,1,1
QCT1000000071,1,1,1,1,1,0
QCT1000000072,1,1,0,0,0,1
QCT1000000073,0,1,1,0,0,0
QCT1000000074,1,1,1,0,1,0
QCT1000000075,0,0,1,1,1,0
QCT1000000076,1,0,0,0,0,1
QCT1000000077,0,1,0,0,0,0
QCT1000000078,1,0,1,0,0,0
QCT1000000079,1,0,0,1,0,0
QCT1000000080,1,1,0,0,0,1
QCT1000000081,1,1,1,1,1,0
QCT1000000082,0,0,1,0,1,0
QCT1000000083,1,1,0,0,1,1
QCT1000000084,1,0,1,1,1,1
QCT1000000085,0,1,1,1,0,1
QCT1000000086,0,1,1,1,0,1
QCT1000000087,0,1,0,1,0,0
QCT1000000088,0,1,1,1,0,0
QCT1000000089,0,1,1,0,0,0
QCT1000000090,0,1,1,1,0,0
QCT1000000091,0,1,0,1,0,0
QCT1000000092,1,1,0,1,1,0
QCT1000000093,1,1,0,1,1,0
QCT1000000094,0,0,1,0,1,0
QCT1000000095,0,0,0,1,0,1
QCT1000000096,1,1,0,0,1,1
QCT1000000097,0,0,1,1,1,0
QCT1000000098,1,1,0,1,1,1
QCT1000000099,1,1,0,1,0,1
QCT1000000100,0,1,1,1,1,0
QCT1000000101,1,0,0,0,1,0
QCT1000000102,1,1,0,1,1,0
QCT1000000103,0,0,1,1,0,0
QCT1000000104,0,1,1,1,1,0
QCT1000000105,0,0,0,0,1,1
QCT1000000106,0,1,1,1,0,0
QCT1000000107,1,0,0,1,0,1
QCT1000000108,0,0,0,0,1,1
QCT1000000109,1,1,0,1,1,1
QCT1000000110,1,0,0,1,1,1
QCT1000000111,0,1,1,0,0,1
QCT1000000112,1,0,1,1,1,1
QCT1000000113,1,0,1,0,0,1
QCT1000000114,0,1,1,1,0,1
QCT1000000115,0,0,0,1,0,0
QCT1000000116,0,0,1,1,1,1
QCT1000000117,1,1,0,1,1,1
QCT1000000118,1,0,0,0,1,0
QCT1000000119,0,1,1,0,1,0
QCT1000000120,0,1,1,0,0,0
QCT1000000121,1,1,1,0,1,1
QCT1000000122,1,1,1,1,0,0
QCT1000000123,0,1,0,0,1,1
QCT1000000124,0,0,0,0,1,0
QCT1000000125,0,0,0,1,0,1
QCT1000000126,0,1,1,1,0,1
QCT1000000127,1,1,0,1,0,0
QCT1000000128,0,1,1,0,0,1
QCT1000000129,1,1,0,0,0,1
QCT1000000130,0,1,1,0,0,0
QCT1000000131,1,0,0,0,0,0
QCT1000000132,1,0,1,1,0,0
QCT1000000133,0,1,1,1,1,0
QCT1000000134,1,1,1,1,1,0
QCT1000000135,0,0,1,0,1,0
QCT1000000136,0,1,1,1,0,0
QCT1000000137,1,1,0,0,0,0
QCT1000000138,0,1,1,0,0,0
QCT1000000139,1,1,1,1,0,1
QCT1000000140,1,0,1,0,1,0
QCT1000000141,0,1,0,0,1,1
QCT1000000142,0,0,1,0,1,0
QCT1000000143,0,0,0,0,1,1
QCT1000000144,1,1,1,0,0,1
QCT1000000145,1,0,0,1,0,1
QCT1000000146,0,0,1,1,0,1
QCT1000000147,1,1,1,1,1,1
QCT1000000148,0,1,1,1,1,1
QCT1000000149,1,1,1,0,1,0
QCT1000000150,1,0,0,0,1,1
QCT1000000151,0,0,1,1,1,0
QCT1000000152,1,0,1,0,1,1
QCT1000000153,0,0,1,1,0,1
QCT1000000154,0,0,1,0,1,0
QCT1000000155,1,0,1,1,1,1
QCT1000000156,0,0,0,0,1,0
QCT1000000157,0,0,1,0,0,0
QCT1000000158,0,1,0,1,1,1
QCT1000000159,1,1,0,0,0,0
QCT1000000160,1,0,1,1,0,0
QCT1000000161,0,1,1,1,0,1
QCT1000000162,0,1,0,0,0,1
QCT1000000163,1,0,1,0,0,1
QCT1000000164,1,0,1,0,0,0
QCT1000000165,0,1,1,0,0,0
QCT1000000166,1,1,0,0,0,1
QCT1000000167,1,0,1,0,1,0
QCT1000000168,1,1,1,0,0,0
QCT1000000169,1,0,0,0,1,0
QCT1000000170,0,1,0,1,1,1
QCT1000000171,1,1,1,1,1,1
QCT1000000172,1,0,0,1,1,0
QCT1000000173,1,1,1,1,0,0
QCT1000000174,0,1,1,0,0,1
QCT1000000175,0,1,1,0,1,0
QCT1000000176,0,1,1,0,0,0
QCT1000000177,0,1,0,0,0,0
QCT1000000178,0,0,0,0,1,0
QCT1000000179,1,1,0,0,1,1
QCT1000000180,0,0,1,0,1,1
QCT1000000181,1,1,1,0,0,0
QCT1000000182,1,0,1,1,0,1
QCT1000000183,0,1,1,0,1,1
QCT1000000184,0,0,0,0,1,1
QCT1000000185,1,1,1,0,1,1
QCT1000000186,0,0,1,0,1,1
QCT1000000187,0,1,1,0,1,0
QCT1000000188,1,0,1,0,1,0
QCT1000000189,0,1,0,0,1,0
QCT1000000190,1,0,1,1,1,0
QCT1000000191,1,1,0,1,0,1
QCT1000000192,0,0,1,0,0,1
QCT1000000193,0,1,1,0,0,0
QCT1000000194,1,0,1,0,1,0
QCT1000000195,1,0,0,1,1,1
QCT1000000196,1,1,1,1,0,1
QCT1000000197,1,1,0,0,0,1
QCT1000000198,0,0,0,1,0,1
QCT1000000199,1,0,1,0,0,0
QCT1000000200,0,0,1,1,0,0
QCT1000000201,0,1,0,1,0,0
QCT1000000202,0,1,1,0,1,1
QCT1000000203,1,1,1,0,1,0
QCT1000000204,1,1,1,1,0,0
QCT1000000205,0,1,0,1,1,1
QCT1000000206,1,1,0,0,0,1
QCT1000000207,1,0,0,0,0,1
QCT1000000208,1,0,0,1,0,0
QCT1000000209,1,1,0,0,1,1
QCT1000000210,0,0,0,0,1,1
QCT1000000211,1,1,1,1,1,1
QCT1000000212,1,1,1,0,0,0
QCT1000000213,1,0,0,0,1,1
QCT1000000214,0,0,1,0,0,0
QCT1000000215,1,1,1,1,0,0
QCT1000000216,1,1,0,0,1,0
QCT1000000217,1,0,1,1,0,1
QCT1000000218,1,1,0,0,0,1
QCT1000000219,0,0,1,0,1,1
QCT1000000220,1,0,1,0,0,1
QCT1000000221,0,0,0,1,0,0
QCT1000000222,1,0,1,0,0,0
QCT1000000223,1,1,1,1,0,1
QCT1000000224,1,0,0,0,0,1
QCT1000000225,1,0,0,1,1,1
QCT1000000226,1,0,1,0,1,0
QCT1000000227,1,0,1,0,1,0
QCT1000000228,0,0,1,1,1,1
QCT1000000229,0,1,1,0,1,0
QCT1000000230,1,0,0,1,0,0
QCT1000000231,0,0,1,0,0,0
QCT1000000232,0,1,0,1,0,1
QCT1000000233,1,0,1,1,0,1
QCT1000000234,1,0,1,0,1,1
QCT1000000235,1,0,1,1,0,0
QCT1000000236,1,0,1,0,1,0
QCT1000000237,1,1,1,1,1,0
QCT1000000238,1,0,1,1,0,0
QCT1000000239,1,1,1,1,1,0
QCT1000000240,0,0,0,0,1,0
QCT1000000241,0,0,1,1,1,1
QCT1000000242,0,1,1,0,1,1
QCT1000000243,0,0,1,1,1,1
QCT1000000244,0,0,1,0,1,0
QCT1000000245,0,1,1,0,1,0
QCT1000000246,1,0,1,0,0,0
QCT1000000247,1,1,1,1,0,1
QCT1000000248,0,1,1,1,1,0
QCT1000000249,1,0,1,1,0,0
QCT1000000250,0,0,0,1,1,1
QCT1000000251,1,1,1,1,1,1
QCT1000000252,1,0,0,1,0,0
QCT1000000253,0,0,0,1,1,1
QCT1000000254,1,0,0,0,0,0
QCT1000000255,1,0,0,1,0,1
QCT1000000256,0,1,1,1,1,0
QCT1000000257,0,1,0,1,0,0
QCT1000000258,1,1,1,0,1,0
QCT1000000259,1,0,1,1,1,0
QCT1000000260,1,0,0,1,1,0
QCT1000000261,1,0,0,0,1,0
QCT1000000262,0,0,1,1,0,1
QCT1000000263,0,0,1,1,1,1
QCT1000000264,1,0,0,1,1,1
QCT1000000265,0,0,1,1,0,1
QCT1000000266,1,1,0,0,1,0
QCT1000000267,0,0,0,1,1,1
QCT1000000268,0,0,1,0,0,0
QCT1000000269,0,1,0,1,0,0
QCT1000000270,0,1,0,1,1,1
QCT1000000271,1,1,0,0,0,1
QCT1000000272,1,0,0,0,0,1
QCT1000000273,1,1,1,0,1,1
QCT1000000274,1,0,0,0,1,0
QCT1000000275,1,1,0,1,1,1
QCT1000000276,0,1,1,0,1,0
QCT1000000277,0,0,0,1,1,0
QCT1000000278,0,1,1,0,1,1
QCT1000000279,1,0,0,0,0,0
QCT1000000280,0,1,1,0,0,1
QCT1000000281,0,1,0,1,0,1
QCT1000000282,0,1,1,0,1,1
QCT1000000283,0,0,0,1,1,1
QCT1000000284,0,0,0,1,0,1
QCT1000000285,1,1,1,0,0,0
QCT1000000286,1,0,0,0,0,1
QCT1000000287,0,0,1,1,1,0
QCT1000000288,1,0,0,0,1,1
QCT1000000289,0,1,0,1,1,0
QCT1000000290,0,1,1,0,1,1
QCT1000000291,0,1,1,0,1,0
QCT1000000292,0,1,1,0,0,0
QCT1000000293,1,0,1,0,1,1
QCT1000000294,0,1,1,0,0,0
QCT1000000295,0,1,1,0,1,0
QCT1000000296,0,0,1,0,0,1
QCT1000000297,1,0,0,0,0,1
QCT1000000298,0,0,1,1,0,0
QCT1000000299,0,0,1,0,1,0
QCT1000000300,0,1,0,1,1,0
QCT1000000301,1,0,1,1,1,0
QCT1000000302,0,1,1,0,1,1
QCT1000000303,0,1,1,0,1,0
QCT1000000304,0,0,0,1,0,1
QCT1000000305,0,1,1,0,1,0
QCT1000000306,1,0,1,1,1,1
QCT1000000307,1,1,0,0,1,1
QCT1000000308,1,0,1,1,0,1
QCT1000000309,0,1,0,0,1,1
QCT1000000310,1,0,1,1,0,0
QCT1000000311,0,0,1,1,1,0
QCT1000000312,1,0,1,1,0,1
QCT1000000313,0,0,1,0,0,1
QCT1000000314,0,1,0,1,0,1
QCT1000000315,1,0,1,1,1,1
QCT1000000316,0,1,1,1,1,1
QCT1000000317,1,1,1,0,0,0
QCT1000000318,1,0,0,1,1,1
QCT1000000319,1,0,0,1,1,1
QCT1000000320,0,1,0,0,1,1
QCT1000000321,0,1,0,1,0,1
QCT1000000322,1,0,1,0,1,1
QCT1000000323,1,0,1,1,0,0
QCT1000000324,1,0,0,0,0,0
QCT1000000325,1,0,1,1,1,1
QCT1000000326,0,1,1,1,1,0
QCT1000000327,0,1,0,1,1,1
QCT1000000328,0,0,0,1,1,1
QCT1000000329,0,0,0,1,0,1
QCT1000000330,1,1,1,1,0,1
QCT1000000331,0,0,1,1,1,1
QCT1000000332,0,1,1,1,0,1
QCT1000000333,1,1,0,0,0,0
QCT1000000334,1,0,1,1,1,0
QCT1000000335,0,0,0,1,0,1
QCT1000000336,1,1,1,0,0,1
QCT1000000337,1,0,1,1,1,1
QCT1000000338,0,0,1,1,1,1
QCT1000000339,0,1,1,1,1,1
QCT1000000340,0,1,0,1,1,0
QCT1000000341,1,1,1,1,0,1
QCT1000000342,0,0,1,0,1,1
QCT1000000343,0,1,1,1,1,1
QCT1000000344,1,1,1,0,0,1
QCT1000000345,1,0,0,1,0,1
QCT1000000346,0,0,0,0,0,1
QCT1000000347,0,0,0,1,1,0
QCT1000000348,1,1,1,1,0,1
QCT1000000349,0,1,0,0,1,0
QCT1000000350,1,1,0,0,0,0
QCT1000000351,0,1,0,0,1,1
QCT1000000352,1,1,1,0,0,0
QCT1000000353,1,0,1,0,1,1
QCT1000000354,1,0,1,0,1,1
QCT1000000355,1,1,0,1,1,0
QCT1000000356,1,1,1,1,1,1
QCT1000000357,0,1,0,0,0,1
QCT1000000358,0,1,1,0,0,0
QCT1000000359,1,1,0,0,0,1
QCT1000000360,0,1,0,0,1,1
QCT1000000361,1,0,1,0,0,1
QCT1000000362,1,0,1,1,0,0
QCT1000000363,1,1,0,1,1,1
QCT1000000364,1,1,0,1,1,0
QCT1000000365,0,0,0,0,1,1
QCT1000000366,1,1,0,0,1,1
QCT1000000367,1,0,1,0,0,0
QCT1000000368,1,1,1,1,1,1
QCT1000000369,0,0,1,1,1,0
QCT1000000370,1,0,0,1,1,1
QCT1000000371,0,0,0,0,1,0
QCT1000000372,1,1,0,1,1,1
QCT1000000373,1,1,1,1,1,1
QCT1000000374,0,1,1,0,1,1
QCT1000000375,0,1,1,1,0,0
QCT1000000376,1,0,1,0,0,0
QCT1000000377,1,0,0,0,1,1
QCT1000000378,0,1,1,1,0,1
QCT1000000379,1,1,0,1,0,0
QCT1000000380,1,1,1,1,0,0
QCT1000000381,0,1,1,1,1,0
QCT1000000382,1,0,1,1,1,1
QCT1000000383,0,0,1,1,1,0
QCT1000000384,0,0,0,1,0,1
QCT1000000385,1,0,0,0,1,0
QCT1000000386,1,1,1,1,1,1
QCT1000000387,1,0,0,1,1,1
QCT1000000388,1,1,0,0,1,0
QCT1000000389,1,1,1,1,1,0
QCT1000000390,0,1,0,0,1,0
QCT1000000391,1,1,0,1,0,0
QCT1000000392,1,0,0,0,0,0
QCT1000000393,0,1,0,0,1,0
QCT1000000394,0,1,1,1,0,1
QCT1000000395,0,0,1,0,0,0
QCT1000000396,1,1,1,1,1,1
QCT1000000397,1,0,1,0,1,0
QCT1000000398,1,1,0,0,0,1
QCT1000000399,1,1,1,1,0,1
QCT1000000400,0,0,0,1,1,1
QCT1000000401,0,1,0,1,1,0
QCT1000000402,1,0,0,1,1,1
QCT1000000403,0,1,1,0,0,0
QCT1000000404,1,1,1,1,1,1
QCT1000000405,1,1,0,0,0,1
QCT1000000406,1,0,1,0,1,0
QCT1000000407,0,1,0,1,0,1
QCT1000000408,0,1,0,0,0,0
QCT1000000409,0,1,1,0,1,0
QCT1000000410,1,0,1,1,1,1
QCT1000000411,0,1,0,1,0,1
QCT1000000412,0,1,0,1,0,1
QCT1000000413,0,1,0,0,1,1
QCT1000000414,1,0,0,1,0,0
QCT1000000415,0,0,1,0,1,0
QCT1000000416,1,1,1,0,0,1
QCT1000000417,1,1,1,0,0,1
QCT1000000418,0,1,1,1,0,1
QCT1000000419,1,0,1,1,1,0
QCT1000000420,1,0,1,0,0,1
QCT1000000421,1,1,0,0,0,0
QCT1000000422,1,1,1,1,1,1
QCT1000000423,0,0,0,0,1,0
QCT1000000424,0,0,0,0,0,0
QCT1000000425,1,1,1,0,0,1
QCT1000000426,0,1,0,1,1,0
QCT1000000427,1,0,0,1,1,0
QCT1000000428,0,0,1,1,1,1
QCT1000000429,1,1,1,1,1,0
QCT1000000430,0,1,1,1,0,0
QCT1000000431,1,0,0,1,1,1
QCT1000000432,0,1,0,0,1,1
QCT1000000433,1,1,1,1,1,1
QCT1000000434,1,0,0,1,0,0
QCT1000000435,1,0,0,0,1,0
QCT1000000436,1,0,0,1,0,1
QCT1000000437,0,1,0,0,1,0
QCT1000000438,0,0,0,0,0,1
QCT1000000439,1,0,1,1,0,0
QCT1000000440,0,0,0,0,1,0
QCT1000000441,1,1,0,1,0,0
QCT1000000442,0,0,0,1,1,0
QCT1000000443,0,1,0,1,0,0
QCT1000000444,0,0,0,0,0,1
QCT1000000445,0,0,1,0,1,0
QCT1000000446,1,1,1,1,0,0
QCT1000000447,0,0,1,0,0,0
QCT1000000448,0,1,0,0,1,1
QCT1000000449,0,0,1,0,0,0
QCT1000000450,1,1,1,1,1,1
QCT1000000451,1,0,1,0,1,1
QCT1000000452,1,1,0,1,0,0
QCT1000000453,0,1,0,1,1,1
QCT1000000454,0,1,0,0,0,1
QCT1000000455,1,0,1,1,0,0
QCT1000000456,1,1,1,0,0,1
QCT1000000457,1,0,1,1,1,0
QCT1000000458,1,1,0,1,0,0
QCT1000000459,1,0,0,1,1,0
QCT1000000460,1,1,0,1,0,0
QCT1000000461,0,0,1,0,0,1
QCT1000000462,0,1,1,0,1,1
QCT1000000463,0,1,0,0,0,0
QCT1000000464,0,1,1,0,1,0
QCT1000000465,0,0,0,0,0,0
QCT1000000466,1,0,0,0,1,1
QCT1000000467,1,1,1,0,0,1
QCT1000000468,1,0,1,1,0,0
QCT1000000469,0,0,1,0,1,0
QCT1000000470,0,1,1,0,1,1
QCT1000000471,0,0,0,1,0,0
QCT1000000472,1,0,1,0,1,1
QCT1000000473,0,0,0,1,0,1
QCT1000000474,1,1,1,0,0,0
QCT1000000475,0,0,1,1,0,1
QCT1000000476,1,1,0,1,1,0
QCT1000000477,0,0,0,0,0,1
QCT1000000478,1,1,0,1,0,1
QCT1000000479,1,0,1,1,0,1
QCT1000000480,1,0,1,1,1,1
QCT1000000481,0,0,1,0,0,1
QCT1000000482,1,0,1,1,0,0
QCT1000000483,0,0,0,1,0,0
QCT1000000484,0,0,1,1,0,1
QCT1000000485,1,1,1,0,1,0
QCT1000000486,1,0,1,0,0,0
QCT1000000487,1,1,1,0,0,1
QCT1000000488,1,0,0,1,1,1
QCT1000000489,1,0,0,1,0,0
QCT1000000490,0,1,0,1,0,1
QCT1000000491,1,1,0,1,1,0
QCT1000000492,1,0,0,1,0,1
QCT1000000493,1,0,0,0,1,0
QCT1000000494,1,1,1,0,1,0
QCT1000000495,1,0,1,1,1,0
QCT1000000496,1,0,1,1,1,0
QCT1000000497,0,0,1,1,0,0
QCT1000000498,1,0,0,1,1,1
QCT1000000499,1,1,0,1,1,0
QCT1000000500,1,0,0,0,0,0
QCT1000000501,0,1,0,1,0,1
QCT1000000502,0,1,1,1,1,1
QCT1000000503,0,1,1,1,1,1
QCT1000000504,0,0,0,1,0,0
QCT1000000505,1,1,1,0,0,0
QCT1000000506,1,1,1,1,1,0
QCT1000000507,0,0,0,1,0,1
QCT1000000508,1,1,1,0,0,1
QCT1000000509,1,1,1,1,1,1
QCT1000000510,0,1,0,1,1,1
QCT1000000511,0,0,1,0,0,0
QCT1000000512,0,1,0,0,0,1
QCT1000000513,0,0,0,0,1,0
QCT1000000514,0,0,0,1,0,0
QCT1000000515,1,1,0,0,1,0
QCT1000000516,0,0,0,0,1,1
QCT1000000517,0,0,0,0,1,0
QCT1000000518,0,1,1,1,0,0
QCT1000000519,1,1,0,0,0,0
QCT1000000520,1,0,1,0,0,1
QCT1000000521,0,1,0,1,1,1
QCT1000000522,0,0,0,0,0,1
QCT1000000523,1,1,1,0,1,0
QCT1000000524,1,0,0,0,0,0
QCT1000000525,0,0,0,1,0,0
QCT1000000526,0,1,1,0,1,1
QCT1000000527,1,0,0,1,1,0
QCT1000000528,1,1,1,0,1,1
QCT1000000529,0,0,0,0,1,0
QCT1000000530,0,0,0,0,0,0
QCT1000000531,1,1,1,0,1,1
QCT1000000532,0,0,0,1,0,0
QCT1000000533,1,1,0,0,0,0
QCT1000000534,1,1,1,1,0,0
QCT1000000535,1,1,0,0,0,0
QCT1000000536,1,0,1,0,1,0
QCT1000000537,1,1,0,1,1,0
QCT1000000538,0,1,0,0,1,0
QCT1000000539,0,1,0,1,0,0
QCT1000000540,1,1,1,1,0,0
QCT1000000541,1,0,1,1,0,1
QCT1000000542,0,1,0,1,0,1
QCT1000000543,0,1,1,1,0,1
QCT1000000544,0,1,1,1,1,1
QCT1000000545,1,1,0,1,0,0
QCT1000000546,0,1,1,1,1,0
QCT1000000547,1,0,1,0,0,0
QCT1000000548,1,1,0,0,0,1
QCT1000000549,0,1,1,1,1,1
QCT1000000550,1,1,1,0,0,0
QCT1000000551,0,1,1,1,0,1
QCT1000000552,0,0,0,0,0,1
QCT1000000553,1,1,1,0,1,0
QCT1000000554,1,1,0,0,1,1
QCT1000000555,0,1,0,1,1,1
QCT1000000556,0,1,1,1,0,0
QCT1000000557,0,1,1,1,1,0
QCT1000000558,0,0,1,1,0,0
QCT1000000559,0,0,1,0,0,1
QCT1000000560,0,0,0,0,1,1
QCT1000000561,0,0,1,0,1,1
QCT1000000562,0,1,1,0,0,1
QCT1000000563,0,0,1,0,0,1
QCT1000000564,0,0,1,0,0,1
QCT1000000565,1,0,0,0,1,0
QCT1000000566,0,1,1,0,0,0
QCT1000000567,0,0,1,1,0,1
QCT1000000568,1,0,1,0,0,1
QCT1000000569,1,0,1,1,0,0
QCT1000000570,1,0,1,1,0,0
QCT1000000571,0,0,0,0,0,0
QCT1000000572,0,0,1,1,1,0
QCT1000000573,1,0,1,1,0,0
QCT1000000574,1,0,1,0,0,0
QCT1000000575,1,1,0,1,1,0
QCT1000000576,0,0,1,1,0,1
QCT1000000577,1,1,1,0,1,1
QCT1000000578,0,1,1,1,0,1
QCT1000000579,1,1,0,1,0,1
QCT1000000580,1,1,1,0,1,1
QCT1000000581,0,0,1,1,0,0
QCT1000000582,1,1,0,1,1,0
QCT1000000583,0,1,0,1,0,0
QCT1000000584,1,0,0,0,1,1
QCT1000000585,1,1,0,1,1,0
QCT1000000586,1,0,1,1,0,1
QCT1000000587,0,1,1,1,1,0
QCT1000000588,0,0,0,1,0,0
QCT1000000589,1,0,1,1,1,0
QCT1000000590,1,1,1,0,1,1
QCT1000000591,0,0,0,1,0,0
QCT1000000592,0,1,1,1,0,1
QCT1000000593,1,0,1,0,0,1
QCT1000000594,1,1,1,1,1,1
QCT1000000595,0,0,1,0,0,0
QCT1000000596,1,1,1,0,1,0
QCT1000000597,0,0,1,0,1,1
QCT1000000598,1,0,1,1,1,0
QCT1000000599,0,0,1,1,0,1
QCT1000000600,0,1,0,0,0,0
QCT1000000601,0,1,1,0,1,0
QCT1000000602,0,0,1,0,1,0
QCT1000000603,0,1,0,1,1,0
QCT1000000604,0,0,1,1,1,1
QCT1000000605,0,0,0,1,1,0
QCT1000000606,0,1,1,1,1,1
QCT1000000607,1,0,0,0,1,1
QCT1000000608,1,1,1,0,1,0
QCT1000000609,1,0,1,1,1,0
QCT1000000610,0,0,0,0,0,0
QCT1000000611,0,0,1,1,1,1
QCT1000000612,1,1,1,0,1,0
QCT1000000613,0,0,1,0,1,1
QCT1000000614,0,0,1,0,0,0
QCT1000000615,1,0,1,1,0,1
QCT1000000616,0,0,0,0,0,1
QCT1000000617,1,0,1,0,0,1
QCT1000000618,0,0,1,0,0,0
QCT1000000619,1,0,1,0,1,0
QCT1000000620,0,1,1,0,1,1
QCT1000000621,0,1,0,0,1,0
QCT1000000622,1,1,1,0,1,1
QCT1000000623,0,1,0,1,1,0
QCT1000000624,1,1,0,0,1,1
QCT1000000625,1,0,0,1,0,1
QCT1000000626,1,1,1,1,1,0
QCT1000000627,0,1,1,0,1,1
QCT1000000628,1,1,1,1,0,0
QCT1000000629,1,1,1,0,1,0
QCT1000000630,0,0,0,1,1,0
QCT1000000631,1,1,0,1,1,1
QCT1000000632,1,0,0,0,0,0
QCT1000000633,0,1,1,0,0,1
QCT1000000634,1,0,0,1,1,1
QCT1000000635,1,1,1,0,1,0
QCT1000000636,1,1,0,1,0,0
QCT1000000637,1,0,0,1,1,1
QCT1000000638,1,0,0,0,0,1
QCT1000000639,0,1,1,0,0,1
QCT1000000640,0,1,1,0,1,0
QCT1000000641,0,0,1,1,0,1
QCT1000000642,1,1,1,0,1,1
QCT1000000643,0,0,1,1,0,1
QCT1000000644,1,0,1,0,0,1
QCT1000000645,0,0,1,0,0,0
QCT1000000646,0,0,1,0,1,1
QCT1000000647,1,1,1,1,0,0
QCT1000000648,0,0,0,1,1,1
QCT1000000649,1,0,0,0,0,0
QCT1000000650,0,0,1,1,0,1
QCT1000000651,1,1,0,0,1,0
QCT1000000652,1,0,1,1,1,0
QCT1000000653,1,1,1,1,0,0
QCT1000000654,0,1,1,1,1,1
QCT1000000655,1,0,1,0,1,0
QCT1000000656,0,0,0,0,0,0
QCT1000000657,1,0,0,1,1,1
QCT1000000658,1,1,0,1,1,1
QCT1000000659,0,0,1,0,1,0
QCT1000000660,0,1,0,0,0,0
QCT1000000661,0,0,0,0,1,0
QCT1000000662,1,1,0,1,0,0
QCT1000000663,1,1,1,0,0,0
QCT1000000664,0,1,1,0,1,0
QCT1000000665,1,1,1,1,0,0
QCT1000000666,0,0,0,1,1,0
QCT1000000667,0,1,0,0,0,1
QCT1000000668,0,1,1,1,0,0
QCT1000000669,1,0,0,0,1,1
QCT1000000670,1,0,1,1,1,1
QCT1000000671,1,0,1,1,0,0
QCT1000000672,0,0,1,1,0,0
QCT1000000673,1,0,1,1,1,0
QCT1000000674,0,0,0,1,0,0
QCT1000000675,0,1,1,1,1,1
QCT1000000676,1,1,0,0,0,0
QCT1000000677,0,0,0,0,1,0
QCT1000000678,0,0,0,0,0,1
QCT1000000679,0,1,1,1,1,1
QCT1000000680,1,0,1,0,0,0
QCT1000000681,0,0,1,0,0,1
QCT1000000682,1,0,0,1,1,1
QCT1000000683,1,1,0,0,1,1
QCT1000000684,0,1,1,1,0,0
QCT1000000685,1,0,1,0,0,1
QCT1000000686,1,1,1,0,1,0
QCT1000000687,1,1,1,0,1,0
QCT1000000688,0,1,0,1,0,0
QCT1000000689,1,0,0,0,1,1
QCT1000000690,1,0,0,0,1,1
QCT1000000691,0,0,1,0,1,1
QCT1000000692,0,1,0,1,1,0
QCT1000000693,1,0,1,0,0,0
QCT1000000694,0,1,0,1,0,1
QCT1000000695,0,1,0,0,1,1
QCT1000000696,1,0,0,1,1,1
QCT1000000697,1,1,1,1,0,1
QCT1000000698,0,0,0,1,1,0
QCT1000000699,1,0,0,0,0,0
QCT1000000700,1,0,1,0,1,0
QCT1000000701,0,0,1,1,1,1
QCT1000000702,0,1,1,1,0,1
QCT1000000703,1,1,0,1,0,0
QCT1000000704,1,1,1,1,0,1
QCT1000000705,1,1,1,0,0,1
QCT1000000706,0,1,1,1,1,1
QCT1000000707,1,0,0,1,0,1
QCT1000000708,1,0,1,1,1,1
QCT1000000709,1,1,1,0,0,1
QCT1000000710,0,0,1,1,1,1
QCT1000000711,1,0,0,0,1,0
QCT1000000712,0,1,1,1,0,0
QCT1000000713,1,1,1,0,0,1
QCT1000000714,0,1,1,0,1,0
QCT1000000715,1,0,0,0,1,1
QCT1000000716,1,0,1,1,0,0
QCT1000000717,1,1,0,1,0,0
QCT1000000718,0,0,0,1,1,0
QCT1000000719,1,0,1,0,0,0
QCT1000000720,0,1,0,0,1,0
QCT1000000721,0,0,1,0,0,0
QCT1000000722,0,0,0,0,0,0
QCT1000000723,1,0,0,1,1,1
QCT1000000724,0,0,1,0,1,0
QCT1000000725,1,1,0,1,0,0
QCT1000000726,1,1,0,0,1,1
QCT1000000727,0,1,0,1,0,1
QCT1000000728,1,0,1,0,0,0
QCT1000000729,0,0,0,0,1,1
QCT1000000730,1,1,1,1,0,1
QCT1000000731,0,0,0,0,0,1
QCT1000000732,0,0,0,0,1,0
QCT1000000733,1,0,0,0,0,1
QCT1000000734,1,1,0,1,0,0
QCT1000000735,1,1,1,1,0,1
QCT1000000736,1,0,0,1,0,1
QCT1000000737,0,0,1,0,0,1
QCT1000000738,0,1,0,0,1,1
QCT1000000739,0,0,0,1,1,0
QCT1000000740,0,1,0,1,1,1
QCT1000000741,1,1,1,1,0,0
QCT1000000742,1,0,1,1,0,1
QCT1000000743,1,1,1,1,1,1
QCT1000000744,0,1,1,0,0,1
QCT1000000745,0,1,0,1,0,1
QCT1000000746,0,0,1,1,0,0
QCT1000000747,1,1,1,0,1,1
QCT1000000748,1,0,1,0,1,0
QCT1000000749,0,0,1,1,0,0
QCT1000000750,0,1,1,0,1,0
QCT1000000751,0,1,0,0,1,0
QCT1000000752,1,1,1,1,1,1
QCT1000000753,0,1,0,0,0,1
QCT1000000754,1,1,0,1,1,0
QCT1000000755,0,1,1,0,1,0
QCT1000000756,0,1,0,1,0,1
QCT1000000757,0,1,0,1,0,1
QCT1000000758,0,1,1,0,1,1
QCT1000000759,0,1,0,1,1,1
QCT1000000760,1,0,0,1,0,0
QCT1000000761,1,1,0,0,0,0
QCT1000000762,1,1,1,1,1,0
QCT1000000763,1,0,0,0,0,1
QCT1000000764,1,1,0,0,0,0
QCT1000000765,1,1,0,1,1,1
QCT1000000766,0,1,1,0,0,0
QCT1000000767,0,0,0,1,1,0
QCT1000000768,1,1,0,0,1,0
QCT1000000769,1,0,0,0,0,0
QCT1000000770,1,1,0,0,0,0
QCT1000000771,1,1,1,0,0,0
QCT1000000772,1,0,0,1,0,0
QCT1000000773,1,1,1,0,0,0
QCT1000000774,0,1,1,0,1,0
QCT1000000775,1,1,0,1,0,0
QCT1000000776,0,1,0,1,1,1
QCT1000000777,0,1,1,0,0,1
QCT1000000778,1,1,1,1,0,0
QCT1000000779,0,1,0,1,1,1
QCT1000000780,0,1,0,0,1,1
QCT1000000781,1,0,0,1,0,0
QCT1000000782,1,0,1,1,1,1
QCT1000000783,0,1,0,0,0,0
QCT1000000784,0,1,0,0,0,1
QCT1000000785,0,1,0,0,0,0
QCT1000000786,1,0,1,0,0,0
QCT1000000787,0,1,0,0,0,1
QCT1000000788,0,1,0,1,0,0
QCT1000000789,0,1,1,1,0,0
QCT1000000790,0,0,0,1,1,1
QCT1000000791,0,1,0,0,0,0
QCT1000000792,1,1,0,0,0,1
QCT1000000793,1,0,1,1,1,0
QCT1000000794,0,1,0,1,1,1
QCT1000000795,0,0,0,1,0,1
QCT1000000796,1,1,1,1,0,1
QCT1000000797,1,1,1,0,0,0
QCT1000000798,0,0,1,0,1,1
QCT1000000799,0,0,0,1,0,1
QCT1000000800,1,0,0,0,0,0
QCT1000000801,1,1,0,0,1,0
QCT1000000802,1,1,0,0,0,0
QCT1000000803,0,0,1,1,0,0
QCT1000000804,0,0,1,1,1,0
QCT1000000805,0,1,0,0,1,1
QCT1000000806,1,1,0,0,1,1
QCT1000000807,1,1,1,1,1,1
QCT1000000808,0,1,0,0,0,1
QCT1000000809,0,0,1,1,0,0
QCT1000000810,1,0,1,1,0,0
QCT1000000811,1,1,1,1,1,0
QCT1000000812,1,0,0,0,0,1
QCT1000000813,1,1,0,0,0,0
QCT1000000814,1,0,0,1,1,0
QCT1000000815,0,1,1,1,1,1
QCT1000000816,0,0,1,0,0,0
QCT1000000817,1,0,1,1,1,1
QCT1000000818,1,1,1,1,1,0
QCT1000000819,1,0,1,1,1,1
QCT1000000820,1,1,0,0,1,1
QCT1000000821,1,0,0,1,1,0
QCT1000000822,1,0,0,0,0,1
QCT1000000823,1,1,0,0,1,1
QCT1000000824,1,0,0,0,0,1
QCT1000000825,1,0,0,0,1,1
QCT1000000826,1,1,0,1,1,1
QCT1000000827,1,1,0,1,0,0
QCT1000000828,0,0,0,1,1,1
QCT1000000829,0,0,0,1,0,0
QCT1000000830,0,0,0,1,1,1
QCT1000000831,0,1,1,0,1,0
QCT1000000832,1,0,0,1,0,0
QCT1000000833,1,1,0,1,1,1
QCT1000000834,0,0,0,1,0,1
QCT1000000835,1,0,0,0,0,0
QCT1000000836,1,1,1,1,1,0
QCT1000000837,0,0,1,0,0,0
QCT1000000838,1,0,0,1,1,0
QCT1000000839,0,0,0,0,1,1
QCT1000000840,1,1,1,1,0,0
QCT1000000841,1,0,0,0,1,0
QCT1000000842,1,0,1,0,0,1
QCT1000000843,0,1,1,0,1,1
QCT1000000844,1,0,1,1,1,1
QCT1000000845,0,1,1,0,0,1
QCT1000000846,1,1,0,0,1,0
QCT1000000847,1,1,0,1,1,0
QCT1000000848,1,1,1,1,0,0
QCT1000000849,0,0,1,1,0,1
QCT1000000850,0,1,0,1,0,1
QCT1000000851,0,1,1,1,0,1
QCT1000000852,0,0,0,1,0,0
QCT1000000853,1,0,1,0,0,0
QCT1000000854,1,0,1,1,1,0
QCT1000000855,1,0,0,0,1,0
QCT1000000856,0,1,0,0,0,1
QCT1000000857,1,1,1,1,1,1
QCT1000000858,1,1,0,0,0,0
QCT1000000859,1,0,1,0,1,1
QCT1000000860,1,1,0,1,0,0
QCT1000000861,0,1,1,0,0,0
QCT1000000862,1,1,0,1,0,0
QCT1000000863,0,0,1,0,0,1
QCT1000000864,0,0,0,1,0,1
QCT1000000865,1,0,0,0,0,1
QCT1000000866,1,0,1,0,1,1
QCT1000000867,1,1,1,0,1,1
QCT1000000868,1,0,0,0,1,0
QCT1000000869,0,1,1,1,0,0
QCT1000000870,1,1,1,1,1,1
QCT1000000871,1,0,1,1,1,0
QCT1000000872,0,0,0,1,1,0
QCT1000000873,1,0,0,0,0,0
QCT1000000874,0,0,0,1,0,1
QCT1000000875,1,0,1,1,1,1
QCT1000000876,0,1,1,1,0,0
QCT1000000877,1,0,0,1,0,1
QCT1000000878,1,1,1,0,0,0
QCT1000000879,1,1,1,1,1,1
QCT1000000880,0,1,1,0,1,0
QCT1000000881,0,0,1,1,0,0
QCT1000000882,1,1,0,1,1,1
QCT1000000883,1,1,0,0,0,1
QCT1000000884,1,0,1,1,0,1
QCT1000000885,1,0,1,0,0,0
QCT1000000886,1,0,1,1,0,1
QCT1000000887,1,0,0,0,1,1
QCT1000000888,0,0,1,0,1,0
QCT1000000889,1,0,0,1,0,1
QCT1000000890,1,0,0,1,0,0
QCT1000000891,1,1,0,0,0,1
QCT1000000892,1,1,0,1,0,0
QCT1000000893,1,0,0,0,1,1
QCT1000000894,1,0,0,0,0,1
QCT1000000895,1,1,0,0,1,1
QCT1000000896,0,1,1,1,1,0
QCT1000000897,1,0,1,0,1,0
QCT1000000898,0,1,1,1,0,0
QCT1000000899,1,0,0,1,1,1
QCT1000000900,0,1,0,1,0,1
QCT1000000901,0,0,1,0,1,0
QCT1000000902,1,0,1,0,1,0
QCT1000000903,1,0,1,1,0,1
QCT1000000904,1,0,1,0,0,1
QCT1000000905,0,1,1,1,1,1
QCT1000000906,0,0,1,0,1,1
QCT1000000907,1,0,1,0,1,1
QCT1000000908,1,0,0,0,0,1
QCT1000000909,0,1,0,0,0,0
QCT1000000910,0,1,1,1,0,1
QCT1000000911,0,0,0,0,0,0
QCT1000000912,1,0,0,0,0,0
QCT1000000913,1,1,1,1,0,0
QCT1000000914,1,1,1,1,1,1
QCT1000000915,0,1,1,0,0,0
QCT1000000916,1,1,1,1,1,1
QCT1000000917,0,1,1,0,0,1
QCT1000000918,0,1,1,1,1,0
QCT1000000919,0,0,0,1,0,1
QCT1000000920,1,0,0,1,0,1
QCT1000000921,0,0,0,0,0,1
QCT1000000922,1,1,0,1,1,1
QCT1000000923,0,1,0,0,0,1
QCT1000000924,0,1,1,0,0,0
QCT1000000925,1,0,0,1,1,0
QCT1000000926,1,1,0,0,0,0
QCT1000000927,0,1,0,1,1,1
QCT1000000928,0,0,0,0,1,1
QCT1000000929,0,1,0,1,1,1
QCT1000000930,1,0,0,0,1,1
QCT1000000931,0,1,1,0,1,1
QCT1000000932,0,1,1,1,0,1
QCT1000000933,1,1,1,0,1,1
QCT1000000934,0,1,1,0,1,0
QCT1000000935,1,0,0,0,1,0
QCT1000000936,0,0,1,1,0,1
QCT1000000937,0,1,1,0,1,0
QCT1000000938,1,1,1,0,0,0
QCT1000000939,0,0,0,0,1,0
QCT1000000940,1,1,1,1,1,1
QCT1000000941,0,1,1,0,0,0
QCT1000000942,1,1,1,0,1,0
QCT1000000943,0,0,1,1,1,1
QCT1000000944,0,0,0,1,1,0
QCT1000000945,1,1,1,0,0,1
QCT1000000946,1,0,1,0,0,0
QCT1000000947,1,1,1,0,0,1
QCT1000000948,0,0,1,1,0,1
QCT1000000949,0,0,0,0,1,0
QCT1000000950,1,0,0,0,1,1
QCT1000000951,1,0,1,0,1,1
QCT1000000952,1,0,1,1,1,0
QCT1000000953,1,0,1,0,0,1
QCT1000000954,0,1,1,1,1,0
QCT1000000955,1,0,0,0,0,0
QCT1000000956,1,0,1,0,1,1
QCT1000000957,1,1,1,0,1,1
QCT1000000958,1,1,1,0,1,1
QCT1000000959,0,0,0,1,1,1
QCT1000000960,1,0,1,0,1,0
QCT1000000961,0,1,0,0,0,1
QCT1000000962,0,0,1,0,0,0
QCT1000000963,1,0,1,0,1,0
QCT1000000964,1,0,0,0,1,1
QCT1000000965,0,0,1,0,0,1
QCT1000000966,0,0,0,1,1,0
QCT1000000967,1,1,1,0,1,0
QCT1000000968,0,0,0,0,1,1
QCT1000000969,0,1,0,1,1,1
QCT1000000970,1,1,0,1,1,1
QCT1000000971,1,0,0,1,0,1
QCT1000000972,1,0,0,0,0,0
QCT1000000973,1,1,0,1,1,1
QCT1000000974,0,1,1,0,0,0
QCT1000000975,0,1,0,0,0,1
QCT1000000976,1,1,1,1,1,1
QCT1000000977,1,0,0,1,1,0
QCT1000000978,0,1,1,0,0,1
QCT1000000979,0,1,1,0,0,0
QCT1000000980,0,1,0,1,1,1
QCT1000000981,0,0,0,0,0,1
QCT1000000982,0,0,1,0,1,1
QCT1000000983,0,0,1,1,0,0
QCT1000000984,0,0,1,1,0,1
QCT1000000985,0,0,0,0,0,1
QCT1000000986,0,0,1,0,1,1
QCT1000000987,0,1,1,0,0,1
QCT1000000988,0,1,1,0,0,1
QCT1000000989,0,1,1,0,1,0
QCT1000000990,0,0,1,0,0,0
QCT1000000991,1,1,1,0,1,1
QCT1000000992,1,0,0,1,0,1
QCT1000000993,0,1,0,1,1,0
QCT1000000994,1,0,0,0,1,1
QCT1000000995,1,1,1,0,0,0
QCT1000000996,0,0,0,0,1,1
QCT1000000997,1,1,1,0,1,0
QCT1000000998,0,0,0,0,0,0
QCT1000000999,0,0,0,1,0,0
QCT1000001000,0,1,0,0,1,0
QCT1000001001,0,0,0,0,1,0
QCT1000001002,0,0,0,1,1,0
QCT1000001003,1,1,1,0,1,1
QCT1000001004,0,0,1,0,1,1
QCT1000001005,0,0,1,1,0,0
QCT1000001006,0,0,1,0,1,1
QCT1000001007,1,0,0,0,0,1
QCT1000001008,1,0,0,1,1,1
QCT1000001009,0,1,0,1,0,0
QCT1000001010,1,1,0,0,1,1
QCT1000001011,0,1,1,1,0,1
QCT1000001012,1,0,1,0,1,1
QCT1000001013,0,1,0,0,0,0
QCT1000001014,1,0,1,1,1,0
QCT1000001015,0,1,0,0,0,1
QCT1000001016,1,1,1,1,1,0
QCT1000001017,0,0,0,0,0,0
QCT1000001018,0,0,0,1,0,1
QCT1000001019,1,1,1,1,1,0
QCT1000001020,1,0,1,1,0,0
QCT1000001021,0,0,1,1,0,1
QCT1000001022,0,0,0,1,0,1
QCT1000001023,0,1,1,1,1,1
QCT1000001024,1,1,1,0,1,0
QCT1000001025,0,0,0,0,1,0
QCT1000001026,1,0,1,0,1,1
QCT1000001027,0,1,0,0,0,1
QCT1000001028,1,1,1,0,0,1
QCT1000001029,0,0,1,0,1,1
QCT1000001030,1,1,1,0,0,1
QCT1000001031,0,0,1,1,1,0
QCT1000001032,0,1,0,0,0,0
QCT1000001033,1,1,0,1,0,1
QCT1000001034,0,1,1,1,0,0
QCT1000001035,0,0,1,1,1,0
QCT1000001036,0,1,1,1,1,0
QCT1000001037,1,0,0,1,0,1
QCT1000001038,1,0,0,1,0,0
QCT1000001039,0,0,0,1,0,1
QCT1000001040,1,1,1,1,1,0
QCT1000001041,1,0,1,0,1,1
QCT1000001042,1,1,1,0,0,1
QCT1000001043,1,1,0,1,0,0
QCT1000001044,1,1,1,1,1,0
QCT1000001045,1,0,1,1,1,0
QCT1000001046,1,0,0,0,0,0
QCT1000001047,0,0,0,1,0,0
QCT1000001048,0,0,0,1,0,1
QCT1000001049,0,1,1,0,0,0
QCT1000001050,1,0,0,0,0,0
QCT1000001051,1,0,1,1,1,0
QCT1000001052,1,0,1,0,1,0
QCT1000001053,1,0,1,0,0,1
QCT1000001054,1,1,1,1,0,1
QCT1000001055,1,0,0,0,1,1
QCT1000001056,0,1,1,1,1,1
QCT1000001057,1,1,1,0,1,1
QCT1000001058,0,1,1,1,0,0
QCT1000001059,0,0,1,0,1,0
QCT1000001060,0,0,1,1,0,0
QCT1000001061,0,0,0,0,1,1
QCT1000001062,1,1,1,1,1,1
QCT1000001063,0,1,0,0,1,0
QCT1000001064,0,1,0,0,1,1
QCT1000001065,1,1,1,0,1,1
QCT1000001066,1,0,1,1,0,0
QCT1000001067,1,0,1,0,1,1
QCT1000001068,0,0,1,0,1,1
QCT1000001069,0,1,0,0,0,1
QCT1000001070,0,0,1,1,0,0
QCT1000001071,1,0,0,1,0,1
QCT1000001072,1,0,1,1,1,0
QCT1000001073,0,0,0,0,0,0
QCT1000001074,1,0,0,0,0,0
QCT1000001075,0,1,1,0,1,0
QCT1000001076,1,1,0,1,1,0
QCT1000001077,0,0,1,1,0,0
QCT1000001078,0,1,0,0,0,0
QCT1000001079,0,1,1,1,1,1
QCT1000001080,0,1,1,0,1,0
QCT1000001081,1,1,1,1,1,0
QCT1000001082,1,1,1,0,0,1
QCT1000001083,1,0,0,0,1,1
QCT1000001084,0,0,0,0,1,0
QCT1000001085,0,0,1,1,0,0
QCT1000001086,0,0,0,1,1,0
QCT1000001087,0,1,0,1,1,0
QCT1000001088,0,0,1,1,1,1
QCT1000001089,1,0,0,1,1,0
QCT1000001090,1,0,0,1,1,0
QCT1000001091,1,1,1,0,0,1
QCT1000001092,0,1,1,1,0,1
QCT1000001093,1,1,1,1,0,1
QCT1000001094,1,1,1,1,1,0
QCT1000001095,0,0,0,0,1,1
QCT1000001096,0,1,1,1,0,0
QCT1000001097,1,1,0,0,1,1
QCT1000001098,0,0,0,0,1,1
QCT1000001099,1,0,0,0,1,0
QCT1000001100,0,1,0,1,0,0
QCT1000001101,0,0,1,0,0,0
QCT1000001102,1,0,0,1,1,1
QCT1000001103,1,0,0,0,1,1
QCT1000001104,0,0,0,1,1,0
QCT1000001105,1,0,1,0,1,1
QCT1000001106,1,1,1,0,1,0
QCT1000001107,1,1,1,1,1,0
QCT1000001108,1,0,0,1,0,0
QCT1000001109,1,1,0,0,1,0
QCT1000001110,0,0,0,1,1,0
QCT1000001111,0,0,1,0,1,0
QCT1000001112,1,0,0,0,0,1
QCT1000001113,0,0,0,0,0,0
QCT1000001114,1,0,0,0,0,1
QCT1000001115,1,0,0,1,0,1
QCT1000001116,1,0,1,0,1,0
QCT1000001117,1,1,1,1,1,1
QCT1000001118,0,1,1,0,1,1
QCT1000001119,1,1,0,0,1,1
QCT1000001120,1,0,1,1,1,1
QCT1000001121,0,1,0,1,0,1
QCT1000001122,0,0,1,0,1,1
QCT1000001123,0,1,1,1,0,1
QCT1000001124,0,0,1,1,0,1
QCT1000001125,0,1,0,0,0,0
QCT1000001126,0,1,0,1,0,0
QCT1000001127,1,0,0,0,0,0
QCT1000001128,1,1,1,0,0,0
QCT1000001129,0,1,1,0,0,0
QCT1000001130,1,0,0,0,1,0
QCT1000001131,0,0,0,0,0,0
QCT1000001132,1,0,1,0,0,1
QCT1000001133,0,0,0,1,1,0
QCT1000001134,1,1,0,0,0,0
QCT1000001135,1,1,1,0,0,1
QCT1000001136,0,1,0,0,1,0
QCT1000001137,0,1,0,1,1,0
QCT1000001138,1,0,1,1,1,1
QCT1000001139,0,0,1,1,1,1
QCT1000001140,0,0,1,0,1,0
QCT1000001141,1,0,1,0,0,0
QCT1000001142,1,0,1,1,1,1
QCT1000001143,1,1,0,1,1,0
QCT1000001144,1,1,0,0,1,0
QCT1000001145,1,0,0,0,0,1
QCT1000001146,0,1,1,0,1,1
QCT1000001147,1,0,1,0,1,0
QCT1000001148,0,1,0,1,0,1
QCT1000001149,1,0,1,1,1,0
QCT1000001150,0,1,1,1,1,1
QCT1000001151,0,0,0,0,1,0
QCT1000001152,0,0,0,1,0,0
QCT1000001153,1,0,1,0,1,1
QCT1000001154,1,0,1,1,1,1
QCT1000001155,1,0,0,0,0,0
QCT1000001156,1,0,0,1,0,0
QCT1000001157,0,0,1,1,1,1
QCT1000001158,0,0,1,1,1,0
QCT1000001159,1,0,0,1,0,0
QCT1000001160,1,0,1,0,1,1
QCT1000001161,1,1,1,1,0,0
QCT1000001162,1,1,0,1,0,0
QCT1000001163,0,1,1,0,0,1
QCT1000001164,1,1,0,1,1,1
QCT1000001165,0,1,1,1,1,0
QCT1000001166,1,1,0,0,1,0
QCT1000001167,1,1,1,1,0,1
QCT1000001168,1,1,1,1,0,0
QCT1000001169,0,0,0,1,1,1
QCT1000001170,0,0,0,0,1,1
QCT1000001171,1,0,0,1,1,1
QCT1000001172,0,1,1,1,0,1
QCT1000001173,1,0,0,0,0,1
QCT1000001174,0,0,1,1,1,0
QCT1000001175,1,0,0,1,1,0
QCT1000001176,1,0,1,0,1,0
QCT1000001177,1,0,1,0,0,0
QCT1000001178,0,1,0,0,1,1
QCT1000001179,1,1,1,1,1,1
QCT1000001180,1,1,1,1,1,0
QCT1000001181,0,0,1,0,1,0
QCT1000001182,0,0,1,1,0,1
QCT1000001183,1,1,1,0,0,1
QCT1000001184,1,1,1,1,1,0
QCT1000001185,1,1,0,0,1,0
QCT1000001186,0,0,0,1,0,0
QCT1000001187,1,1,0,1,1,0
QCT1000001188,0,0,0,1,0,1
QCT1000001189,1,0,0,1,1,1
QCT1000001190,1,0,0,0,1,1
QCT1000001191,0,1,0,0,1,1
QCT1000001192,1,0,0,1,1,1
QCT1000001193,0,1,0,1,0,1
QCT1000001194,0,0,0,1,0,1
QCT1000001195,0,0,1,0,0,1
QCT1000001196,1,1,1,1,0,1
QCT1000001197,1,1,0,0,0,0
QCT1000001198,1,1,1,0,1,1
QCT1000001199,0,1,1,0,1,1
QCT1000001200,0,1,1,0,0,1
QCT1000001201,0,1,0,1,0,0
QCT1000001202,1,0,0,1,0,1
QCT1000001203,1,0,0,0,0,1
QCT1000001204,0,1,1,1,0,1
QCT1000001205,1,0,0,1,1,0
QCT1000001206,1,0,1,0,0,1
QCT1000001207,1,1,0,0,0,1
QCT1000001208,0,0,1,0,0,0
QCT1000001209,0,0,0,1,0,0
QCT1000001210,1,1,1,0,0,1
QCT1000001211,0,0,0,0,0,0
QCT1000001212,1,1,1,1,0,1
QCT1000001213,0,0,0,1,0,1
QCT1000001214,0,1,0,1,0,0
QCT1000001215,1,0,0,1,0,1
QCT1000001216,0,1,1,0,0,1
QCT1000001217,1,1,1,0,1,1
QCT1000001218,1,0,0,1,0,1
QCT1000001219,0,0,1,0,1,0
QCT1000001220,0,0,1,1,0,0
QCT1000001221,0,0,1,1,1,0
QCT1000001222,0,0,0,0,1,0
QCT1000001223,0,1,1,0,1,1
QCT1000001224,0,1,0,0,0,0
QCT1000001225,1,0,0,1,0,1
QCT1000001226,0,1,1,0,1,1
QCT1000001227,1,1,0,1,1,1
QCT1000001228,1,1,0,1,0,1
QCT1000001229,1,1,1,0,0,1
QCT1000001230,0,1,1,0,1,1
QCT1000001231,1,1,1,0,1,0
QCT1000001232,0,0,0,0,1,1
QCT1000001233,0,1,1,1,0,0
QCT1000001234,0,1,0,1,0,1
QCT1000001235,0,1,0,0,1,1
QCT1000001236,0,0,0,1,0,0
QCT1000001237,1,1,1,1,0,1
QCT1000001238,0,1,1,1,1,1
QCT1000001239,1,0,0,0,0,0
QCT1000001240,0,0,0,0,0,1
QCT1000001241,1,1,1,1,1,1
QCT1000001242,0,0,1,1,1,0
QCT1000001243,0,1,0,0,0,0
QCT1000001244,0,0,0,0,1,1
QCT1000001245,0,1,0,1,1,1
QCT1000001246,0,0,0,1,1,0
QCT1000001247,1,0,0,0,0,1
QCT1000001248,1,0,1,0,0,0
QCT1000001249,0,1,0,1,1,0
QCT1000001250,0,0,0,0,1,0
QCT1000001251,1,1,0,1,1,1
QCT1000001252,0,1,1,0,0,0
QCT1000001253,0,0,0,0,1,0
QCT1000001254,1,1,1,1,1,0
QCT1000001255,1,0,1,1,0,0
QCT1000001256,1,0,1,1,1,0
QCT1000001257,1,0,1,1,0,0
QCT1000001258,1,1,1,0,1,1
QCT1000001259,1,1,0,0,1,1
QCT1000001260,0,1,0,1,0,0
QCT1000001261,1,0,0,1,1,1
QCT1000001262,0,0,1,0,1,1
QCT1000001263,0,0,0,1,0,0
QCT1000001264,0,1,0,1,0,0
QCT1000001265,0,1,1,1,0,1
QCT1000001266,1,0,1,1,1,0
QCT1000001267,1,0,1,1,1,1
QCT1000001268,1,0,0,1,1,1
QCT1000001269,1,1,0,1,1,1
QCT1000001270,0,1,1,0,0,1
QCT1000001271,1,1,0,0,1,0
QCT1000001272,1,1,1,1,0,1
QCT1000001273,0,1,0,1,1,0
QCT1000001274,1,0,1,0,1,1
QCT1000001275,1,1,1,1,0,1
QCT1000001276,1,0,0,0,1,0
QCT1000001277,0,0,1,0,0,1
QCT1000001278,0,1,0,0,0,0
QCT1000001279,0,1,1,0,0,1
QCT1000001280,0,0,1,0,0,1
QCT1000001281,0,0,0,1,0,1
QCT1000001282,0,1,0,0,0,1
QCT1000001283,0,0,0,1,0,1
QCT1000001284,1,0,0,1,0,1
QCT1000001285,0,0,1,0,1,1
QCT1000001286,1,0,0,1,1,1
QCT1000001287,0,0,1,1,1,0
QCT1000001288,1,1,1,0,0,1
QCT1000001289,1,1,0,0,0,1
QCT1000001290,0,1,1,0,1,1
QCT1000001291,1,0,1,1,1,0
QCT1000001292,1,0,1,0,1,1
QCT1000001293,1,1,1,1,1,0
QCT1000001294,1,1,0,0,1,1
QCT1000001295,1,1,0,1,0,0
QCT1000001296,1,1,1,1,0,1
QCT1000001297,1,0,1,0,1,1
QCT1000001298,0,0,0,1,1,0
QCT1000001299,0,0,0,0,1,1
QCT1000001300,1,0,0,0,1,0
QCT1000001301,1,0,0,0,0,0
QCT1000001302,1,1,0,0,1,1
QCT1000001303,1,1,1,1,1,1
QCT1000001304,1,1,1,0,1,0
QCT1000001305,1,0,1,1,1,1
QCT1000001306,0,1,1,0,0,0
QCT1000001307,1,1,0,1,1,0
QCT1000001308,1,0,0,0,1,1
QCT1000001309,1,1,1,1,0,0
QCT1000001310,0,0,0,0,0,1
QCT1000001311,1,0,0,0,0,1
QCT1000001312,0,1,1,0,1,1
QCT1000001313,1,1,1,1,1,1
QCT1000001314,1,0,1,0,1,1
QCT1000001315,0,0,0,0,0,1
QCT1000001316,0,1,0,0,1,0
QCT1000001317,0,0,1,0,0,0
QCT1000001318,1,0,0,1,1,1
QCT1000001319,0,1,1,1,0,1
QCT1000001320,1,1,0,1,0,0
QCT1000001321,1,1,1,1,1,0
QCT1000001322,0,1,0,0,1,0
QCT1000001323,1,1,0,0,0,0
QCT1000001324,1,1,0,1,0,1
QCT1000001325,0,0,0,0,0,0
QCT1000001326,1,1,1,1,0,0
QCT1000001327,0,1,0,1,1,1
QCT1000001328,1,0,0,0,0,1
QCT1000001329,1,1,0,1,1,1
QCT1000001330,1,0,1,1,1,1
QCT1000001331,1,0,1,0,0,0
QCT1000001332,0,0,0,1,1,1
QCT1000001333,1,0,1,1,0,1
QCT1000001334,0,1,1,1,0,1
QCT1000001335,0,0,1,1,1,1
QCT1000001336,0,1,1,0,0,1
QCT1000001337,0,0,0,1,0,0
QCT1000001338,0,1,1,0,0,0
QCT1000001339,0,0,0,0,0,1
QCT1000001340,0,0,1,0,0,0
QCT1000001341,1,0,0,1,1,1
QCT1000001342,0,1,0,1,0,0
QCT1000001343,1,0,0,1,0,1
QCT1000001344,1,0,0,0,0,1
QCT1000001345,0,0,1,0,0,0
QCT1000001346,0,0,0,1,1,1
QCT1000001347,1,1,1,1,1,1
QCT1000001348,0,1,0,1,1,0
QCT1000001349,0,1,0,0,1,0
QCT1000001350,1,1,0,1,0,0
QCT1000001351,1,1,0,1,1,0
QCT1000001352,0,1,0,0,1,0
QCT1000001353,1,1,0,1,0,0
QCT1000001354,0,1,0,0,1,0
QCT1000001355,0,1,0,0,0,1
QCT1000001356,0,0,1,0,0,0
QCT1000001357,1,1,0,0,0,1
QCT1000001358,0,0,1,0,0,0
QCT1000001359,1,1,1,0,1,0
QCT1000001360,0,1,0,0,1,0
QCT1000001361,1,0,1,1,1,1
QCT1000001362,1,1,1,1,1,1
QCT1000001363,1,1,0,1,0,0
QCT1000001364,1,0,0,0,0,1
QCT1000001365,1,1,0,1,1,0
QCT1000001366,1,1,0,0,1,1
QCT1000001367,0,1,1,0,1,0
QCT1000001368,1,1,1,0,1,1
QCT1000001369,1,0,1,1,1,1
QCT1000001370,1,1,1,0,1,0
QCT1000001371,1,1,1,0,0,1
QCT1000001372,0,1,0,1,0,0
QCT1000001373,0,1,0,1,0,1
QCT1000001374,1,0,1,0,0,0
QCT1000001375,1,1,1,0,1,1
QCT1000001376,1,0,1,1,0,0
QCT1000001377,1,0,1,1,1,1
QCT1000001378,1,0,1,1,0,1
QCT1000001379,1,0,0,1,0,1
QCT1000001380,0,0,0,1,1,1
QCT1000001381,1,1,1,1,0,0
QCT1000001382,0,0,0,1,1,0
QCT1000001383,1,0,0,1,1,0
QCT1000001384,1,0,0,0,1,1
QCT1000001385,0,1,0,0,0,1
QCT1000001386,1,1,0,0,0,1
QCT1000001387,1,0,0,1,1,0
QCT1000001388,1,1,0,1,1,0
QCT1000001389,1,1,1,1,0,0
QCT1000001390,0,0,0,1,0,0
QCT1000001391,1,1,0,1,0,0
QCT1000001392,1,1,0,0,1,1
QCT1000001393,0,1,0,0,1,0
QCT1000001394,0,1,0,0,0,1
QCT1000001395,0,0,0,1,0,1
QCT1000001396,0,1,1,0,1,0
QCT1000001397,0,0,0,1,1,1
QCT1000001398,1,1,0,1,1,0
QCT1000001399,0,1,1,0,0,1
QCT1000001400,0,1,1,0,0,0
QCT1000001401,1,0,0,1,0,1
QCT1000001402,1,1,0,0,0,1
QCT1000001403,0,0,0,0,1,0
QCT1000001404,0,0,0,0,1,0
QCT1000001405,1,0,0,0,1,1
QCT1000001406,1,0,1,1,0,0
QCT1000001407,1,0,0,1,0,0
QCT1000001408,0,1,1,1,0,1
QCT1000001409,0,1,1,1,0,1
QCT1000001410,0,0,1,1,0,1
QCT1000001411,0,0,0,1,0,0
QCT1000001412,1,0,0,1,0,0
QCT1000001413,0,0,1,0,0,0
QCT1000001414,1,0,1,1,0,0
QCT1000001415,0,0,0,0,1,1
QCT1000001416,1,0,1,0,0,0
QCT1000001417,0,0,1,1,0,1
QCT1000001418,0,0,0,0,1,0
QCT1000001419,1,0,0,1,0,0
QCT1000001420,0,1,0,1,0,0
QCT1000001421,1,0,0,0,0,1
QCT1000001422,0,0,1,1,1,1
QCT1000001423,0,1,1,0,0,0
QCT1000001424,0,0,1,0,0,0
QCT1000001425,1,0,0,0,0,0
QCT1000001426,1,0,1,0,0,0
QCT1000001427,0,0,0,1,1,0
QCT1000001428,1,0,0,0,0,1
QCT1000001429,1,1,0,1,1,0
QCT1000001430,0,0,0,0,1,0
QCT1000001431,0,0,0,1,0,0
QCT1000001432,0,1,1,0,0,0
QCT1000001433,0,0,1,1,1,0
QCT1000001434,0,0,1,1,1,1
QCT1000001435,0,0,0,0,0,0
QCT1000001436,0,0,0,0,0,1
QCT1000001437,0,1,0,0,0,1
QCT1000001438,0,1,1,1,1,0
QCT1000001439,1,1,1,0,1,0
QCT1000001440,1,1,1,0,0,0
QCT1000001441,0,1,0,0,1,1
QCT1000001442,1,1,1,0,0,0
QCT1000001443,1,1,0,1,0,1
QCT1000001444,0,1,1,0,0,1
QCT1000001445,0,1,1,0,0,1
QCT1000001446,1,0,1,0,0,1
QCT1000001447,0,1,1,1,1,1
QCT1000001448,0,1,1,0,1,0
QCT1000001449,1,0,1,0,1,1
QCT1000001450,0,1,1,0,1,0
QCT1000001451,0,0,1,1,0,1
QCT1000001452,0,1,0,1,0,0
QCT1000001453,0,1,0,1,0,1
QCT1000001454,0,0,1,0,1,1
QCT1000001455,1,1,1,1,1,0
QCT1000001456,1,0,0,1,1,0
QCT1000001457,1,0,0,0,0,1
QCT1000001458,1,0,1,0,1,1
QCT1000001459,0,1,0,0,1,1
QCT1000001460,1,0,0,0,1,0
QCT1000001461,0,0,1,1,0,0
QCT1000001462,1,0,0,1,0,1
QCT1000001463,1,1,0,0,0,0
QCT1000001464,0,1,1,0,1,0
QCT1000001465,0,0,0,1,1,1
QCT1000001466,1,1,1,1,0,0
QCT1000001467,1,0,0,0,0,1
QCT1000001468,1,0,0,1,0,0
QCT1000001469,1,0,0,0,0,1
QCT1000001470,1,0,1,1,0,1
QCT1000001471,0,0,0,0,0,1
QCT1000001472,1,0,0,0,0,0
QCT1000001473,0,1,0,1,0,0
QCT1000001474,1,1,1,1,1,1
QCT1000001475,0,0,1,1,0,1
QCT1000001476,0,0,1,1,1,0
QCT1000001477,1,1,0,0,0,1
QCT1000001478,1,0,1,0,1,1
QCT1000001479,0,0,0,0,1,0
QCT1000001480,0,0,1,1,1,0
QCT1000001481,1,0,0,0,0,1
QCT1000001482,0,1,1,1,1,0
QCT1000001483,1,0,1,0,0,0
QCT1000001484,0,1,1,1,1,0
QCT1000001485,1,1,1,1,0,0
QCT1000001486,0,1,0,1,1,0
QCT1000001487,0,1,1,1,1,1
QCT1000001488,0,1,0,0,1,1
QCT1000001489,0,0,1,0,1,0
QCT1000001490,0,0,1,0,1,0
QCT1000001491,1,1,1,1,0,1
QCT1000001492,1,0,0,1,0,0
QCT1000001493,1,1,0,0,1,0
QCT1000001494,1,1,1,1,0,1
QCT1000001495,1,1,1,1,1,0
QCT1000001496,0,0,1,1,1,1
QCT1000001497,1,0,0,0,0,1
QCT1000001498,1,1,1,1,1,0
QCT1000001499,0,0,0,0,1,0
QCT1000001500,1,1,1,0,0,0
QCT1000001501,0,0,0,0,1,0
QCT1000001502,1,1,1,0,1,1
QCT1000001503,1,1,1,0,0,1
QCT1000001504,0,1,1,0,0,1
QCT1000001505,1,0,0,0,0,1
QCT1000001506,0,0,0,0,1,1
QCT1000001507,1,0,0,1,1,1
QCT1000001508,1,1,0,0,0,1
QCT1000001509,1,0,1,0,0,0
QCT1000001510,1,1,1,1,1,0
QCT1000001511,0,0,0,0,0,1
QCT1000001512,0,1,1,0,0,1
QCT1000001513,1,0,0,0,0,0
QCT1000001514,1,0,1,1,0,1
QCT1000001515,1,0,1,0,0,1
QCT1000001516,1,1,0,0,1,0
QCT1000001517,0,0,0,1,1,1
QCT1000001518,1,1,1,1,1,1
QCT1000001519,1,0,0,0,1,1
QCT1000001520,1,1,1,1,0,1
QCT1000001521,0,1,0,1,1,1
QCT1000001522,1,1,0,0,1,1
QCT1000001523,1,1,1,0,1,1
QCT1000001524,0,0,0,1,0,0
QCT1000001525,0,1,0,1,0,1
QCT1000001526,0,1,0,0,1,1
QCT1000001527,1,0,0,1,1,1
QCT1000001528,1,1,0,0,1,1
QCT1000001529,0,1,1,1,1,0
QCT1000001530,1,0,0,0,1,0
QCT1000001531,1,0,1,0,0,1
QCT1000001532,0,1,1,0,1,1
QCT1000001533,0,0,0,0,1,1
QCT1000001534,1,0,0,1,1,0
QCT1000001535,0,0,0,1,1,1
QCT1000001536,1,1,1,0,1,0
QCT1000001537,0,1,0,1,0,0
QCT1000001538,1,1,0,1,1,0
QCT1000001539,1,0,0,1,0,0
QCT1000001540,1,1,1,0,0,1
QCT1000001541,1,1,0,0,1,1
QCT1000001542,0,0,1,1,1,1
QCT1000001543,1,0,1,0,0,1
QCT1000001544,0,0,1,1,1,0
QCT1000001545,1,0,0,0,0,1
QCT1000001546,1,0,1,1,1,1
QCT1000001547,1,1,0,0,1,0
QCT1000001548,0,1,0,1,1,0
QCT1000001549,0,0,0,0,1,1
QCT1000001550,0,0,1,0,1,0
QCT1000001551,0,1,0,0,0,0
QCT1000001552,0,1,0,0,0,1
QCT1000001553,0,0,0,0,1,0
QCT1000001554,1,0,1,0,1,0
QCT1000001555,1,1,1,1,1,0
QCT1000001556,0,1,1,0,0,1
QCT1000001557,1,0,1,0,1,0
QCT1000001558,1,0,0,0,0,0
QCT1000001559,0,0,1,0,1,1
QCT1000001560,1,0,1,0,0,1
QCT1000001561,0,0,0,1,0,0
QCT1000001562,0,0,0,1,0,1
QCT1000001563,1,1,0,1,0,1
QCT1000001564,1,1,0,1,0,0
QCT1000001565,1,1,0,0,0,1
QCT1000001566,0,0,1,0,0,0
QCT1000001567,1,0,0,1,1,0
QCT1000001568,0,0,0,0,0,0
QCT1000001569,0,1,1,1,1,0
QCT1000001570,1,1,1,1,1,1
QCT1000001571,0,0,1,1,1,0
QCT1000001572,1,0,0,1,1,1
QCT1000001573,0,1,0,1,0,1
QCT1000001574,1,1,1,1,1,1
QCT1000001575,1,0,0,0,0,1
QCT1000001576,1,1,1,1,1,0
QCT1000001577,1,1,0,0,0,0
QCT1000001578,0,1,1,0,0,0
QCT1000001579,0,0,0,1,0,1
QCT1000001580,1,0,1,1,1,0
QCT1000001581,1,1,1,0,1,1
QCT1000001582,1,0,0,1,0,0
QCT1000001583,1,0,0,1,0,0
QCT1000001584,1,1,1,1,0,0
QCT1000001585,1,0,1,0,1,1
QCT1000001586,1,0,1,1,1,1
QCT1000001587,1,0,0,0,0,1
QCT1000001588,1,1,0,1,1,0
QCT1000001589,1,0,0,1,1,1
QCT1000001590,1,1,1,1,1,0
QCT1000001591,1,1,0,0,0,0
QCT1000001592,0,0,0,0,1,1
QCT1000001593,1,0,0,0,0,1
QCT1000001594,0,1,1,0,1,0
QCT1000001595,0,0,0,0,0,0
QCT1000001596,0,0,0,1,1,0
QCT1000001597,0,0,0,0,1,0
QCT1000001598,1,1,1,0,1,1
QCT1000001599,0,1,0,0,1,1
QCT1000001600,0,1,0,0,1,0
QCT1000001601,1,1,1,1,1,1
QCT1000001602,1,1,0,0,1,1
QCT1000001603,1,1,0,1,1,1
QCT1000001604,1,0,1,1,0,0
QCT1000001605,1,0,0,0,1,1
QCT1000001606,0,0,1,1,1,1
QCT1000001607,1,1,1,1,1,1
QCT1000001608,1,1,1,0,1,1
QCT1000001609,1,0,1,1,0,1
QCT1000001610,1,1,0,1,1,1
QCT1000001611,1,0,1,1,1,0
QCT1000001612,0,1,1,1,0,1
QCT1000001613,0,1,1,1,1,1
QCT1000001614,0,0,0,1,0,0
QCT1000001615,0,1,0,0,1,0
QCT1000001616,0,1,0,1,0,0
QCT1000001617,1,1,1,1,0,0
QCT1000001618,0,0,0,1,1,1
QCT1000001619,1,1,1,1,1,0
QCT1000001620,1,0,0,0,0,1
QCT1000001621,0,1,0,0,1,0
QCT1000001622,0,1,1,0,0,0
QCT1000001623,0,0,1,1,1,1
QCT1000001624,1,1,0,1,0,1
QCT1000001625,0,0,0,1,0,1
QCT1000001626,0,1,1,1,1,0
QCT1000001627,0,1,1,0,1,0
QCT1000001628,0,0,0,1,0,1
QCT1000001629,0,1,1,0,0,1
QCT1000001630,0,1,0,1,0,1
QCT1000001631,0,1,1,0,1,1
QCT1000001632,0,0,0,1,0,0
QCT1000001633,1,0,1,0,1,0
QCT1000001634,0,1,1,0,0,0
QCT1000001635,0,1,1,0,1,0
QCT1000001636,1,1,1,0,1,0
QCT1000001637,1,0,0,0,0,0
QCT1000001638,1,0,0,0,1,0
QCT1000001639,1,0,1,0,1,1
QCT1000001640,1,1,1,0,1,0
QCT1000001641,1,0,1,1,1,0
QCT1000001642,1,1,1,1,0,1
QCT1000001643,0,1,0,1,1,1
QCT1000001644,0,1,0,1,0,1
QCT1000001645,0,1,0,0,1,1
QCT1000001646,1,1,0,0,1,1
QCT1000001647,1,0,0,0,1,0
QCT1000001648,0,0,1,0,0,0
QCT1000001649,1,0,1,1,1,1
QCT1000001650,1,1,1,1,1,1
QCT1000001651,0,1,1,0,0,0
QCT1000001652,0,0,0,0,1,1
QCT1000001653,1,1,0,0,0,0
QCT1000001654,0,1,0,0,0,1
QCT1000001655,1,0,1,1,1,0
QCT1000001656,1,1,1,1,1,1
QCT1000001657,0,1,1,1,0,0
QCT1000001658,0,0,1,0,0,0
QCT1000001659,0,0,1,1,1,0
QCT1000001660,0,0,1,0,0,0
QCT1000001661,1,0,0,0,0,1
QCT1000001662,1,0,0,1,0,1
QCT1000001663,0,1,0,0,1,0
QCT1000001664,1,1,0,1,1,1
QCT1000001665,1,1,0,0,0,1
QCT1000001666,0,0,1,1,1,1
QCT1000001667,1,1,1,0,1,0
QCT1000001668,1,0,0,0,1,1
QCT1000001669,1,1,0,0,0,1
QCT1000001670,0,0,1,0,0,0
QCT1000001671,0,0,0,1,0,1
QCT1000001672,1,1,0,0,1,0
QCT1000001673,0,1,1,0,0,0
QCT1000001674,0,1,1,0,0,1
QCT1000001675,1,1,0,0,0,1
QCT1000001676,1,0,0,1,0,0
QCT1000001677,0,1,1,1,0,1
QCT1000001678,1,1,0,0,1,1
QCT1000001679,0,0,1,0,1,0
QCT1000001680,0,0,1,1,1,0
QCT1000001681,0,0,0,0,1,0
QCT1000001682,1,1,1,1,1,1
QCT1000001683,1,1,0,1,0,0
QCT1000001684,0,1,0,0,0,0
QCT1000001685,1,0,0,0,1,0
QCT1000001686,1,1,0,1,1,0
QCT1000001687,1,1,1,1,1,1
QCT1000001688,0,0,1,1,0,1
QCT1000001689,0,1,0,0,1,1
QCT1000001690,1,0,0,1,0,0
QCT1000001691,0,1,1,0,0,1
QCT1000001692,1,0,1,0,1,1
QCT1000001693,1,1,1,1,1,0
QCT1000001694,0,1,1,1,0,1
QCT1000001695,0,0,0,0,1,1
QCT1000001696,1,1,1,0,0,0
QCT1000001697,0,1,1,1,1,0
QCT1000001698,0,1,0,0,0,0
QCT1000001699,1,1,0,0,1,0
QCT1000001700,1,1,1,0,1,1
QCT1000001701,0,0,1,1,1,0
QCT1000001702,0,1,0,1,1,1
QCT1000001703,1,0,0,1,1,1
QCT1000001704,0,1,1,0,1,1
QCT1000001705,1,0,1,0,0,0
QCT1000001706,1,1,0,0,0,1
QCT1000001707,0,0,0,0,1,0
QCT1000001708,1,0,1,0,0,1
QCT1000001709,1,0,0,1,0,1
QCT1000001710,0,0,1,1,1,0
QCT1000001711,1,0,1,1,0,1
QCT1000001712,0,0,1,1,0,0
QCT1000001713,0,1,1,1,0,0
QCT1000001714,0,1,0,1,1,0
QCT1000001715,1,0,1,0,1,1
QCT1000001716,0,0,0,1,0,1
QCT1000001717,0,0,1,1,1,0
QCT1000001718,0,0,1,0,0,1
QCT1000001719,0,0,1,1,0,0
QCT1000001720,1,0,1,1,1,0
QCT1000001721,0,0,1,0,0,1
QCT1000001722,0,0,0,1,1,0
QCT1000001723,1,0,1,0,1,1
QCT1000001724,1,1,0,0,1,0
QCT1000001725,1,0,0,0,1,1
QCT1000001726,1,0,0,0,1,0
QCT1000001727,0,0,1,1,0,1
QCT1000001728,1,0,1,1,1,1
QCT1000001729,1,0,0,1,1,0
QCT1000001730,0,1,0,1,1,1
QCT1000001731,0,1,0,0,1,0
QCT1000001732,1,1,0,1,0,0
QCT1000001733,1,0,0,1,0,1
QCT1000001734,0,0,1,1,0,0
QCT1000001735,1,1,1,1,0,1
QCT1000001736,0,1,1,1,0,0
QCT1000001737,0,1,0,0,1,0
QCT1000001738,0,1,0,0,1,0
QCT1000001739,0,1,0,1,1,0
QCT1000001740,1,1,1,0,1,0
QCT1000001741,0,1,0,1,0,1
QCT1000001742,0,1,0,1,0,1
QCT1000001743,1,1,1,0,1,0
QCT1000001744,0,1,0,0,1,0
QCT1000001745,0,0,1,1,0,0
QCT1000001746,1,1,1,1,0,1
QCT1000001747,0,1,1,1,1,1
QCT1000001748,1,0,1,1,0,1
QCT1000001749,1,1,1,1,1,1
QCT1000001750,0,1,0,0,0,0
QCT1000001751,1,1,1,0,1,1
QCT1000001752,1,1,0,0,0,1
QCT1000001753,1,1,1,1,0,1
QCT1000001754,0,1,1,1,1,1
QCT1000001755,1,1,1,1,1,0
QCT1000001756,0,1,1,0,0,1
QCT1000001757,1,0,0,0,1,0
QCT1000001758,0,1,1,1,1,0
QCT1000001759,1,1,0,1,1,1
QCT1000001760,1,0,1,0,1,1
QCT1000001761,1,0,0,0,1,1
QCT1000001762,0,0,0,1,0,0
QCT1000001763,1,0,1,1,1,1
QCT1000001764,1,0,0,1,0,0
QCT1000001765,0,0,1,1,1,1
QCT1000001766,1,0,1,0,1,1
QCT1000001767,1,0,0,1,1,0
QCT1000001768,1,1,0,1,1,1
QCT1000001769,0,1,0,0,1,1
QCT1000001770,1,0,1,1,1,1
QCT1000001771,1,0,0,1,1,0
QCT1000001772,1,0,0,0,1,1
QCT1000001773,1,0,0,1,1,1
QCT1000001774,0,0,1,1,1,0
QCT1000001775,1,1,1,0,0,1
QCT1000001776,1,1,1,1,1,0
QCT1000001777,0,0,0,0,0,1
QCT1000001778,0,0,1,1,0,1
QCT1000001779,0,1,1,1,0,0
QCT1000001780,0,0,0,1,1,1
QCT1000001781,1,1,0,1,1,1
QCT1000001782,1,1,1,0,1,0
QCT1000001783,1,1,0,0,0,1
QCT1000001784,0,1,1,1,1,1
QCT1000001785,0,1,0,0,0,1
QCT1000001786,1,1,0,1,0,1
QCT1000001787,0,1,1,0,1,1
QCT1000001788,0,0,1,1,0,0
QCT1000001789,0,1,0,1,1,1
QCT1000001790,0,1,1,0,1,1
QCT1000001791,1,1,1,1,0,1
QCT1000001792,1,1,0,0,0,0
QCT1000001793,1,1,0,0,1,1
QCT1000001794,1,1,0,0,0,1
QCT1000001795,1,0,1,1,0,1
QCT1000001796,0,1,1,1,0,1
QCT1000001797,1,0,1,0,0,0
QCT1000001798,1,1,0,0,0,0
QCT1000001799,0,1,0,1,1,1
QCT1000001800,0,1,0,0,0,0
QCT1000001801,1,0,0,0,1,0
QCT1000001802,1,1,1,0,0,1
QCT1000001803,0,0,0,0,1,0
QCT1000001804,1,1,1,0,0,0
QCT1000001805,0,1,1,0,1,1
QCT1000001806,0,0,1,0,0,1
QCT1000001807,0,0,1,1,0,1
QCT1000001808,1,1,0,1,0,1
QCT1000001809,1,1,0,1,0,1
QCT1000001810,1,1,1,0,1,0
QCT1000001811,1,1,0,0,0,1
QCT1000001812,1,1,1,1,0,1
QCT1000001813,0,0,1,0,1,0
QCT1000001814,1,1,1,1,0,1
QCT1000001815,1,1,1,0,0,0
QCT1000001816,0,0,1,0,1,0
QCT1000001817,1,0,1,1,1,0
QCT1000001818,0,0,0,0,0,1
QCT1000001819,1,0,1,1,0,0
QCT1000001820,1,0,0,0,0,0
QCT1000001821,0,1,0,1,0,0
QCT1000001822,1,0,0,0,1,0
QCT1000001823,1,0,1,0,1,1
QCT1000001824,0,1,1,1,0,1
QCT1000001825,0,1,0,0,0,1
QCT1000001826,0,0,1,0,1,0
QCT1000001827,0,1,1,0,1,1
QCT1000001828,0,0,0,0,0,1
QCT1000001829,1,0,1,1,0,1
QCT1000001830,0,0,1,1,1,0
QCT1000001831,1,0,0,1,0,1
QCT1000001832,0,1,0,1,1,1
QCT1000001833,1,0,1,1,0,0
QCT1000001834,1,1,1,0,0,0
QCT1000001835,0,1,0,1,1,1
QCT1000001836,1,1,1,1,1,1
QCT1000001837,0,0,0,1,0,1
QCT1000001838,1,0,1,1,1,0
QCT1000001839,0,1,0,1,1,0
QCT1000001840,1,0,0,1,1,0
QCT1000001841,1,0,0,1,1,0
QCT1000001842,1,1,0,0,1,0
QCT1000001843,0,0,0,1,0,1
QCT1000001844,1,1,0,1,1,1
QCT1000001845,1,1,1,0,0,0
QCT1000001846,1,1,1,0,0,1
QCT1000001847,0,1,1,0,0,0
QCT1000001848,0,1,1,1,0,0
QCT1000001849,0,0,0,1,0,0
QCT1000001850,0,0,1,0,0,0
QCT1000001851,0,0,1,1,0,1
QCT1000001852,1,1,0,1,0,1
QCT1000001853,0,1,1,0,1,0
QCT1000001854,0,0,1,1,0,0
QCT1000001855,1,0,1,0,1,1
QCT1000001856,0,1,0,0,0,1
QCT1000001857,0,0,1,0,0,1
QCT1000001858,0,0,1,1,0,0
QCT1000001859,1,0,0,0,1,1
QCT1000001860,0,1,0,0,0,0
QCT1000001861,1,0,1,0,1,1
QCT1000001862,0,1,0,0,0,0
QCT1000001863,1,0,1,1,1,1
QCT1000001864,0,0,0,0,1,1
QCT1000001865,0,1,1,0,0,0
QCT1000001866,1,1,0,1,1,1
QCT1000001867,1,1,1,0,0,1
QCT1000001868,1,1,0,1,1,1
QCT1000001869,0,1,1,0,0,0
QCT1000001870,1,0,0,0,1,1
QCT1000001871,1,1,1,0,1,0
QCT1000001872,1,0,1,0,1,1
QCT1000001873,1,1,0,1,1,0
QCT1000001874,1,1,0,1,1,0
QCT1000001875,1,0,0,1,0,0
QCT1000001876,0,0,1,1,0,0
QCT1000001877,0,0,0,0,0,0
QCT1000001878,0,1,0,0,0,0
QCT1000001879,1,0,0,1,1,0
QCT1000001880,0,1,0,0,1,1
QCT1000001881,1,0,0,0,1,0
QCT1000001882,1,1,1,0,0,0
QCT1000001883,0,0,0,0,0,0
QCT1000001884,1,0,0,0,1,1
QCT1000001885,1,1,0,0,0,1
QCT1000001886,1,0,1,1,1,1
QCT1000001887,1,1,0,0,1,1
QCT1000001888,0,0,1,0,0,1
QCT1000001889,1,0,1,0,1,1
QCT1000001890,1,1,0,0,1,0
QCT1000001891,0,1,0,1,1,1
QCT1000001892,1,0,0,0,0,1
QCT1000001893,1,0,0,0,1,0
QCT1000001894,0,0,0,1,0,1
QCT1000001895,1,0,1,0,0,1
QCT1000001896,1,0,0,0,0,1
QCT1000001897,1,1,1,1,0,0
QCT1000001898,0,1,0,0,0,1
QCT1000001899,1,1,0,0,1,1
QCT1000001900,1,0,1,1,1,0
QCT1000001901,1,0,0,1,1,1
QCT1000001902,0,0,0,0,1,1
QCT1000001903,1,1,1,1,0,0
QCT1000001904,0,1,1,0,0,0
QCT1000001905,1,0,1,0,0,1
QCT1000001906,0,1,0,1,1,0
QCT1000001907,1,0,0,0,0,0
QCT1000001908,1,1,1,1,0,0
QCT1000001909,1,0,1,0,0,0
QCT1000001910,0,0,1,1,0,0
QCT1000001911,1,1,1,0,0,0
QCT1000001912,0,0,1,1,0,0
QCT1000001913,1,0,0,1,1,0
QCT1000001914,0,0,0,0,1,1
QCT1000001915,0,0,0,1,0,0
QCT1000001916,0,1,0,1,1,0
QCT1000001917,1,1,0,1,1,1
QCT1000001918,1,1,1,1,0,1
QCT1000001919,0,1,1,0,1,1
QCT1000001920,0,0,1,1,1,1
QCT1000001921,0,0,1,1,1,0
QCT1000001922,0,1,0,1,1,0
QCT1000001923,1,1,1,1,1,1
QCT1000001924,1,0,0,0,0,0
QCT1000001925,0,1,1,1,0,1
QCT1000001926,0,1,1,1,0,0
QCT1000001927,1,0,0,1,1,0
QCT1000001928,0,1,0,0,1,1
QCT1000001929,1,1,0,1,1,1
QCT1000001930,0,1,0,0,0,0
QCT1000001931,0,0,0,0,1,1
QCT1000001932,0,1,1,1,0,1
QCT1000001933,0,1,0,1,0,1
QCT1000001934,0,1,0,0,1,1
QCT1000001935,1,1,0,0,0,0
QCT1000001936,0,1,0,1,1,0
QCT1000001937,0,1,1,1,1,0
QCT1000001938,0,1,0,0,0,1
QCT1000001939,0,0,1,0,0,1
QCT1000001940,0,0,1,1,0,1
QCT1000001941,0,1,1,1,0,1
QCT1000001942,0,0,1,0,0,1
QCT1000001943,0,0,1,0,0,0
QCT1000001944,0,0,0,0,1,1
QCT1000001945,0,0,0,1,0,0
QCT1000001946,1,1,0,0,1,0
QCT1000001947,0,0,1,0,1,0
QCT1000001948,0,0,0,0,1,0
QCT1000001949,1,1,1,0,0,1
QCT1000001950,0,1,0,1,1,1
QCT1000001951,0,1,1,0,0,1
QCT1000001952,0,1,0,0,1,0
QCT1000001953,0,0,0,0,0,1
QCT1000001954,1,0,1,0,0,1
QCT1000001955,0,1,0,1,0,1
QCT1000001956,0,1,1,0,1,0
QCT1000001957,0,0,0,1,1,1
QCT1000001958,1,0,1,1,0,0
QCT1000001959,1,0,1,0,1,0
QCT1000001960,1,1,0,0,1,0
QCT1000001961,0,1,0,0,0,1
QCT1000001962,0,0,1,0,1,0
QCT1000001963,1,0,1,1,0,1
QCT1000001964,1,1,1,1,1,1
QCT1000001965,1,1,0,1,0,1
QCT1000001966,1,1,1,1,0,0
QCT1000001967,0,0,1,1,0,1
QCT1000001968,0,1,1,0,0,1
QCT1000001969,1,0,0,0,0,0
QCT1000001970,1,1,1,0,1,0
QCT1000001971,0,0,1,0,0,0
QCT1000001972,1,0,1,1,1,1
QCT1000001973,1,0,0,1,1,0
QCT1000001974,0,1,1,1,1,0
QCT1000001975,0,0,0,1,0,1
QCT1000001976,1,1,1,1,1,1
QCT1000001977,0,0,1,0,1,0
QCT1000001978,1,1,0,1,0,1
QCT1000001979,1,0,1,1,1,1
QCT1000001980,0,0,1,0,0,1
QCT1000001981,0,0,0,0,1,1
QCT1000001982,1,1,1,0,1,1
QCT1000001983,1,0,0,1,1,1
QCT1000001984,1,1,1,0,0,0
QCT1000001985,0,0,1,1,1,1
QCT1000001986,1,1,0,1,0,1
QCT1000001987,1,1,1,0,1,1
QCT1000001988,1,1,1,1,1,0
QCT1000001989,0,0,1,1,1,1
QCT1000001990,0,0,1,0,1,0
QCT1000001991,1,0,0,1,1,0
QCT1000001992,0,1,0,1,1,1
QCT1000001993,1,1,1,0,0,1
QCT1000001994,0,0,0,1,0,1
QCT1000001995,0,0,1,1,1,1
QCT1000001996,1,0,1,0,1,1
QCT1000001997,0,1,1,1,1,0
QCT1000001998,1,1,0,0,1,0
QCT1000001999,0,0,1,1,0,1
QCT1000002000,1,0,1,0,0,1
QCT1000002001,0,0,0,0,1,1
QCT1000002002,1,0,1,0,0,1
QCT1000002003,0,1,1,1,1,1
QCT1000002004,1,0,0,0,1,1
QCT1000002005,0,0,1,1,0,0
QCT1000002006,1,1,0,1,1,1
QCT1000002007,1,0,1,1,1,0
QCT1000002008,0,0,0,0,0,0
QCT1000002009,0,0,1,0,1,0
QCT1000002010,1,0,0,1,0,0
QCT1000002011,1,0,0,0,1,0
QCT1000002012,0,1,0,1,1,1
QCT1000002013,0,1,0,1,0,0
QCT1000002014,1,1,0,0,1,0
QCT1000002015,0,1,0,1,0,0
QCT1000002016,0,0,0,1,0,1
QCT1000002017,0,1,0,1,0,1
QCT1000002018,1,0,1,0,1,1
QCT1000002019,1,0,1,0,1,0
QCT1000002020,0,1,0,1,0,0
QCT1000002021,1,1,0,1,0,1
QCT1000002022,0,0,1,0,0,1
QCT1000002023,0,0,1,1,1,0
QCT1000002024,1,1,1,0,1,1
QCT1000002025,0,0,1,0,1,0
QCT1000002026,1,1,1,0,0,1
QCT1000002027,0,0,1,1,1,0
QCT1000002028,0,1,0,0,1,1
QCT1000002029,0,1,1,0,0,1
QCT1000002030,0,1,1,1,0,1
QCT1000002031,0,0,1,0,0,1
QCT1000002032,1,1,1,0,1,0
QCT1000002033,1,1,0,1,1,1
QCT1000002034,1,0,0,1,0,0
QCT1000002035,0,1,0,1,0,1
QCT1000002036,1,0,0,1,1,0
QCT1000002037,1,1,1,1,1,1
QCT1000002038,1,1,0,1,1,1
QCT1000002039,0,0,0,0,1,1
QCT1000002040,0,1,1,0,1,0
QCT1000002041,0,1,0,0,0,0
QCT1000002042,1,1,0,1,0,0
QCT1000002043,0,1,0,0,1,1
QCT1000002044,1,1,1,1,1,1
QCT1000002045,1,1,0,1,0,0
QCT1000002046,1,1,0,0,1,1
QCT1000002047,0,1,0,1,1,0
QCT1000002048,0,1,0,0,0,1
QCT1000002049,0,1,1,1,0,1
QCT1000002050,1,1,1,1,0,1
QCT1000002051,0,0,1,0,1,1
QCT1000002052,0,0,0,1,1,0
QCT1000002053,1,1,1,0,1,0
QCT1000002054,0,0,0,1,0,0
QCT1000002055,0,1,0,1,0,0
QCT1000002056,0,0,1,0,0,0
QCT1000002057,1,1,1,1,1,0
QCT1000002058,1,0,1,0,1,0
QCT1000002059,1,1,1,0,1,0
QCT1000002060,1,1,0,0,0,1
QCT1000002061,0,1,0,0,0,1
QCT1000002062,0,1,1,1,0,0
QCT1000002063,0,1,0,1,0,0
QCT1000002064,1,1,1,0,1,0
QCT1000002065,1,1,0,1,1,0
QCT1000002066,1,0,0,1,1,1
QCT1000002067,1,1,0,1,1,0
QCT1000002068,1,0,0,0,0,1
QCT1000002069,1,1,1,0,1,0
QCT1000002070,0,0,1,0,0,0
QCT1000002071,0,1,1,0,1,1
QCT1000002072,0,0,0,0,0,1
QCT1000002073,1,1,0,0,1,1
QCT1000002074,0,1,0,0,0,0
QCT1000002075,0,0,0,0,1,1
QCT1000002076,0,1,0,0,1,1
QCT1000002077,1,0,0,0,0,1
QCT1000002078,0,0,0,0,1,0
QCT1000002079,0,1,0,0,0,1
QCT1000002080,1,0,0,1,0,1
QCT1000002081,0,1,1,0,1,1
QCT1000002082,0,1,1,0,0,1
QCT1000002083,0,0,0,1,0,0
QCT1000002084,1,0,0,1,1,0
QCT1000002085,1,1,0,1,0,1
QCT1000002086,0,1,0,0,1,1
QCT1000002087,0,0,1,1,0,0
QCT1000002088,0,0,0,1,0,0
QCT1000002089,1,0,0,0,1,1
QCT1000002090,0,0,0,1,1,0
QCT1000002091,1,0,1,1,0,0
QCT1000002092,0,1,0,1,0,0
QCT1000002093,1,1,1,0,1,1
QCT1000002094,0,0,0,0,0,0
QCT1000002095,1,0,0,0,0,0
QCT1000002096,0,1,1,0,0,1
QCT1000002097,1,1,1,1,0,0
QCT1000002098,1,1,1,1,0,1
QCT1000002099,0,1,0,0,0,0
QCT1000002100,1,0,1,0,0,0
QCT1000002101,0,0,1,1,0,1
QCT1000002102,0,1,1,0,0,1
QCT1000002103,1,1,1,1,0,0
QCT1000002104,1,0,0,1,0,0
QCT1000002105,0,1,1,1,0,1
QCT1000002106,1,1,1,1,1,1
QCT1000002107,1,0,0,0,0,1
QCT1000002108,0,0,0,1,1,1
QCT1000002109,0,1,1,1,1,1
QCT1000002110,1,1,1,1,0,1
QCT1000002111,1,0,0,0,0,0
QCT1000002112,1,1,0,1,1,0
QCT1000002113,1,1,0,0,1,1
QCT1000002114,1,0,1,1,1,1
QCT1000002115,0,0,1,0,1,0
QCT1000002116,0,1,1,0,0,0
QCT1000002117,1,0,0,0,1,1
QCT1000002118,0,1,0,0,1,1
QCT1000002119,0,1,0,1,0,1
QCT1000002120,1,1,0,1,1,1
QCT1000002121,1,0,0,1,0,0
QCT1000002122,0,1,0,0,0,0
QCT1000002123,0,1,0,0,1,0
QCT1000002124,1,1,1,1,0,1
QCT1000002125,1,0,1,0,1,0
QCT1000002126,0,0,1,0,0,1
QCT1000002127,1,1,0,0,1,0
QCT1000002128,0,1,1,1,0,1
QCT1000002129,1,1,1,1,0,0
QCT1000002130,0,1,0,0,1,0
QCT1000002131,1,0,0,1,0,1
QCT1000002132,0,0,0,0,0,0
QCT1000002133,0,1,1,0,0,0
QCT1000002134,0,0,1,0,1,1
QCT1000002135,0,0,1,1,1,1
QCT1000002136,1,0,1,0,1,0
QCT1000002137,0,0,0,1,1,0
QCT1000002138,0,0,1,1,1,1
QCT1000002139,1,0,1,1,0,1
QCT1000002140,1,1,1,0,1,1
QCT1000002141,0,1,0,1,0,1
QCT1000002142,0,0,0,0,1,0
QCT1000002143,0,1,1,1,0,1
QCT1000002144,0,0,1,1,1,1
QCT1000002145,0,1,1,1,1,0
QCT1000002146,0,0,0,0,1,0
QCT1000002147,0,1,1,0,0,1
QCT1000002148,0,1,0,0,0,1
QCT1000002149,0,0,0,1,0,1
QCT1000002150,0,1,0,0,1,0
QCT1000002151,1,0,0,0,0,0
QCT1000002152,1,1,1,0,1,0
QCT1000002153,1,0,0,1,1,0
QCT1000002154,1,0,0,0,1,0
QCT1000002155,1,0,0,0,1,1
QCT1000002156,0,0,0,1,0,1
QCT1000002157,0,1,1,1,0,0
QCT1000002158,1,1,1,0,1,0
QCT1000002159,0,1,1,1,1,0
QCT1000002160,0,1,1,1,1,1
QCT1000002161,1,1,1,0,1,0
QCT1000002162,1,0,0,1,0,0
QCT1000002163,0,0,0,0,0,0
QCT1000002164,0,1,1,1,1,0
QCT1000002165,1,1,1,0,0,1
QCT1000002166,1,1,0,1,0,1
QCT1000002167,1,1,1,0,0,1
QCT1000002168,1,0,1,0,0,0
QCT1000002169,0,1,1,1,1,1
QCT1000002170,1,0,0,0,0,1
QCT1000002171,1,1,0,0,1,1
QCT1000002172,1,0,1,0,0,0
QCT1000002173,0,1,1,1,1,0
QCT1000002174,1,0,0,0,1,0
QCT1000002175,1,0,1,0,0,0
QCT1000002176,0,0,0,1,1,0
QCT1000002177,1,1,1,0,1,0
QCT1000002178,0,0,1,1,0,0
QCT1000002179,0,1,1,0,1,0
QCT1000002180,1,1,0,0,1,0
QCT1000002181,0,1,1,1,1,1
QCT1000002182,1,0,1,0,1,1
QCT1000002183,1,1,1,0,0,1
QCT1000002184,1,0,0,1,1,1
QCT1000002185,0,1,0,1,0,0
QCT1000002186,0,1,0,1,1,0
QCT1000002187,1,0,1,0,0,0
QCT1000002188,1,1,1,1,0,0
QCT1000002189,0,0,1,0,1,1
QCT1000002190,1,1,0,0,0,1
QCT1000002191,0,0,0,0,1,1
QCT1000002192,0,0,0,1,1,1
QCT1000002193,1,0,0,1,1,1
QCT1000002194,1,0,1,1,1,1
QCT1000002195,1,1,0,1,1,0
QCT1000002196,1,0,0,0,0,0
QCT1000002197,0,0,0,0,1,1
QCT1000002198,1,1,0,1,0,1
QCT1000002199,1,1,0,0,1,1
QCT1000002200,1,1,0,1,1,1
QCT1000002201,1,0,0,0,0,1
QCT1000002202,1,0,0,1,0,0
QCT1000002203,1,1,1,1,0,1
QCT1000002204,1,1,0,0,1,0
QCT1000002205,1,0,1,0,0,0
QCT1000002206,1,0,0,0,0,1
QCT1000002207,0,0,0,0,0,1
QCT1000002208,1,0,0,1,1,1
QCT1000002209,0,1,0,1,0,0
QCT1000002210,0,0,0,1,0,0
QCT1000002211,1,0,1,1,0,1
QCT1000002212,1,1,1,0,0,0
QCT1000002213,0,1,1,0,1,0
QCT1000002214,1,1,1,0,0,1
QCT1000002215,1,0,0,0,0,0
QCT1000002216,0,0,0,1,1,0
QCT1000002217,0,1,0,0,1,1
QCT1000002218,1,0,0,0,1,0
QCT1000002219,0,1,0,0,0,1
QCT1000002220,0,1,1,0,1,1
QCT1000002221,1,1,0,1,1,1
QCT1000002222,1,1,1,0,1,1
QCT1000002223,1,0,0,1,0,1
QCT1000002224,0,0,0,0,1,1
QCT1000002225,1,1,1,1,0,1
QCT1000002226,0,1,0,1,1,1
QCT1000002227,1,0,1,0,0,0
QCT1000002228,0,0,1,1,1,1
QCT1000002229,0,1,0,1,1,1
QCT1000002230,1,1,0,0,0,1
QCT1000002231,1,0,1,1,1,0
QCT1000002232,0,0,0,0,0,1
QCT1000002233,1,1,0,0,0,0
QCT1000002234,0,1,0,0,1,0
QCT1000002235,0,0,0,0,1,0
QCT1000002236,1,0,0,0,1,1
QCT1000002237,1,1,1,1,0,0
QCT1000002238,0,0,0,0,0,1
QCT1000002239,0,1,0,1,1,1
QCT1000002240,0,1,1,1,0,0
QCT1000002241,0,1,0,0,0,1
QCT1000002242,0,1,1,1,1,0
QCT1000002243,1,1,1,0,1,1
QCT1000002244,1,0,1,1,0,1
QCT1000002245,1,0,1,0,1,0
QCT1000002246,1,0,1,1,1,0
QCT1000002247,1,1,1,0,1,0
QCT1000002248,1,0,0,1,1,0
QCT1000002249,1,0,0,0,0,0
QCT1000002250,0,1,0,1,0,0
QCT1000002251,0,0,1,0,0,1
QCT1000002252,1,0,1,1,0,0
QCT1000002253,0,0,1,0,0,1
QCT1000002254,0,1,1,1,1,1
QCT1000002255,1,1,0,0,1,0
QCT1000002256,1,0,0,1,0,1
QCT1000002257,1,0,0,1,0,1
QCT1000002258,1,1,1,0,1,0
QCT1000002259,1,0,1,0,0,1
QCT1000002260,1,0,1,0,1,0
QCT1000002261,0,1,1,1,0,1
QCT1000002262,1,0,1,0,0,1
QCT1000002263,0,1,1,1,1,0
QCT1000002264,1,0,0,0,0,1
QCT1000002265,0,0,0,0,0,1
QCT1000002266,0,0,0,0,1,0
QCT1000002267,0,1,0,1,0,0
QCT1000002268,1,0,1,0,1,1
QCT1000002269,1,1,1,0,1,1
QCT1000002270,1,0,1,1,0,1
QCT1000002271,1,0,1,1,1,0
QCT1000002272,0,1,0,0,0,1
QCT1000002273,1,0,1,1,1,1
QCT1000002274,1,1,0,0,0,1
QCT1000002275,0,0,1,1,1,1
QCT1000002276,0,0,1,1,0,1
QCT1000002277,0,0,1,1,0,0
QCT1000002278,1,0,0,0,1,0
QCT1000002279,1,1,1,1,0,1
QCT1000002280,1,0,0,0,0,0
QCT1000002281,1,1,0,0,0,1
QCT1000002282,0,1,1,1,0,1
QCT1000002283,0,1,1,1,0,1
QCT1000002284,0,1,0,1,0,1
QCT1000002285,0,1,1,1,1,0
QCT1000002286,1,1,0,0,0,1
QCT1000002287,1,1,1,0,1,0
QCT1000002288,0,0,1,0,0,1
QCT1000002289,0,0,0,1,0,0
QCT1000002290,0,1,1,0,0,1
QCT1000002291,1,1,1,0,1,1
QCT1000002292,0,0,0,0,0,1
QCT1000002293,0,0,1,1,0,0
QCT1000002294,1,1,1,0,1,0
QCT1000002295,0,0,1,0,1,1
QCT1000002296,0,1,0,1,1,0
QCT1000002297,0,1,0,0,1,1
QCT1000002298,0,1,0,1,0,0
QCT1000002299,1,0,0,0,1,1
QCT1000002300,0,1,0,1,0,1
QCT1000002301,1,0,0,0,0,0
QCT1000002302,1,0,1,0,0,0
QCT1000002303,1,0,1,1,0,1
QCT1000002304,1,0,1,1,0,1
QCT1000002305,1,0,0,1,0,1
QCT1000002306,0,1,1,1,1,1
QCT1000002307,0,0,1,0,0,0
QCT1000002308,1,1,0,1,0,0
QCT1000002309,0,0,1,1,1,0
QCT1000002310,1,1,1,0,1,1
QCT1000002311,1,0,0,0,0,0
QCT1000002312,1,1,0,1,0,0
QCT1000002313,0,0,0,0,0,1
QCT1000002314,1,0,0,1,0,0
QCT1000002315,0,1,1,0,1,0
QCT1000002316,0,0,0,0,1,1
QCT1000002317,0,1,1,0,1,0
QCT1000002318,0,1,1,0,1,0
QCT1000002319,1,1,1,1,0,1
QCT1000002320,0,0,0,0,1,0
QCT1000002321,0,0,1,1,1,1
QCT1000002322,1,0,1,1,1,1
QCT1000002323,0,1,0,0,1,1
QCT1000002324,1,1,0,1,1,1
QCT1000002325,1,0,0,0,1,1
QCT1000002326,1,1,0,1,1,1
QCT1000002327,0,1,1,0,1,1
QCT1000002328,0,0,1,1,0,0
QCT1000002329,1,0,1,0,0,0
QCT1000002330,0,0,0,1,0,0
QCT1000002331,0,1,1,1,1,1
QCT1000002332,1,1,0,1,0,1
QCT1000002333,0,0,1,0,0,0
QCT1000002334,1,1,0,0,0,0
QCT1000002335,0,1,1,0,0,1
QCT1000002336,1,0,0,0,1,1
QCT1000002337,1,0,0,1,1,0
QCT1000002338,0,0,1,0,0,1
QCT1000002339,1,1,0,1,1,0
QCT1000002340,0,1,1,0,0,0
QCT1000002341,1,1,1,1,1,1
QCT1000002342,0,1,0,0,1,0
QCT1000002343,1,0,0,1,0,0
QCT1000002344,1,0,0,0,0,0
QCT1000002345,0,0,1,0,1,0
QCT1000002346,1,1,0,1,1,1
QCT1000002347,1,1,0,1,1,1
QCT1000002348,1,1,1,1,1,1
QCT1000002349,1,1,1,1,0,1
QCT1000002350,0,1,0,1,0,1
QCT1000002351,1,1,1,1,1,0
QCT1000002352,0,1,1,0,1,0
QCT1000002353,0,0,1,1,0,0
QCT1000002354,0,0,1,0,1,0
QCT1000002355,1,1,1,1,1,0
QCT1000002356,1,1,0,0,1,0
QCT1000002357,0,1,1,1,1,1
QCT1000002358,0,0,0,1,1,0
QCT1000002359,1,0,1,1,0,1
QCT1000002360,0,1,1,0,0,1
QCT1000002361,1,0,1,0,0,0
QCT1000002362,0,0,0,1,1,1
QCT1000002363,1,1,0,0,1,1
QCT1000002364,0,0,1,1,1,0
QCT1000002365,0,0,0,1,0,0
QCT1000002366,0,1,1,0,0,1
QCT1000002367,1,0,0,0,0,0
QCT1000002368,1,0,0,1,1,0
QCT1000002369,0,1,1,1,0,1
QCT1000002370,1,1,1,1,1,1
QCT1000002371,0,0,1,0,1,1
QCT1000002372,1,1,0,1,0,1
QCT1000002373,0,1,0,0,1,0
QCT1000002374,1,1,1,0,1,0
QCT1000002375,1,1,1,1,1,1
QCT1000002376,0,0,1,0,1,0
QCT1000002377,0,1,0,1,0,0
QCT1000002378,0,1,0,0,0,1
QCT1000002379,1,1,0,0,0,0
QCT1000002380,1,1,0,0,0,0
QCT1000002381,0,1,0,1,1,1
QCT1000002382,1,0,0,1,0,0
QCT1000002383,1,1,1,1,1,1
QCT1000002384,1,1,1,0,0,0
QCT1000002385,1,0,0,1,1,0
QCT1000002386,0,0,1,0,1,0
QCT1000002387,0,0,1,1,1,0
QCT1000002388,0,1,1,0,0,0
QCT1000002389,1,0,0,0,1,1
QCT1000002390,1,0,0,0,1,0
QCT1000002391,0,1,1,0,1,0
QCT1000002392,1,0,0,1,0,1
QCT1000002393,0,0,1,1,1,1
QCT1000002394,0,1,0,1,1,0
QCT1000002395,0,1,0,0,1,0
QCT1000002396,1,1,1,1,1,0
QCT1000002397,1,1,0,0,1,1
QCT1000002398,0,0,1,1,0,0
QCT1000002399,0,1,1,0,0,0
QCT1000002400,0,1,1,0,1,1
QCT1000002401,0,1,0,1,0,0
QCT1000002402,1,1,0,0,0,0
QCT1000002403,0,0,0,1,1,0
QCT1000002404,0,1,1,1,0,0
QCT1000002405,0,0,1,1,0,1
QCT1000002406,0,0,0,1,0,0
QCT1000002407,1,0,0,0,0,1
QCT1000002408,0,1,1,0,1,0
QCT1000002409,1,0,1,1,1,0
QCT1000002410,0,0,0,0,0,0
QCT1000002411,1,1,0,0,1,1
QCT1000002412,1,1,0,1,0,1
QCT1000002413,0,0,0,1,1,0
QCT1000002414,1,0,0,0,1,0
QCT1000002415,1,0,0,0,0,1
QCT1000002416,0,0,1,0,0,1
QCT1000002417,0,1,1,0,0,1
QCT1000002418,0,1,0,1,1,1
QCT1000002419,1,0,0,0,1,0
QCT1000002420,1,1,0,0,0,1
QCT1000002421,1,1,1,0,0,1
QCT1000002422,1,1,1,1,1,0
QCT1000002423,0,1,0,1,1,1
QCT1000002424,0,1,0,1,0,0
QCT1000002425,0,0,1,1,1,1
QCT1000002426,1,0,0,0,1,1
QCT1000002427,1,0,1,1,0,0
QCT1000002428,1,0,1,1,0,1
QCT1000002429,0,0,1,1,1,1
QCT1000002430,0,0,1,1,1,1
QCT1000002431,1,1,1,1,1,0
QCT1000002432,0,0,0,1,1,1
QCT1000002433,0,0,0,0,1,0
QCT1000002434,1,1,0,0,0,1
QCT1000002435,0,0,1,0,1,0
QCT1000002436,1,1,0,0,1,1
QCT1000002437,1,1,0,0,0,1
QCT1000002438,1,1,0,1,0,1
QCT1000002439,0,0,0,1,0,1
QCT1000002440,1,0,1,1,1,1
QCT1000002441,0,1,0,1,1,0
QCT1000002442,0,0,1,0,1,1
QCT1000002443,0,0,0,0,1,0
QCT1000002444,0,1,1,0,0,1
QCT1000002445,0,1,0,1,0,1
QCT1000002446,1,0,1,1,0,0
QCT1000002447,1,1,1,1,1,0
QCT1000002448,0,1,0,1,0,1
QCT1000002449,0,1,1,0,0,1
QCT1000002450,1,1,1,1,1,0
QCT1000002451,1,0,0,0,0,0
QCT1000002452,0,0,1,0,1,0
QCT1000002453,0,0,1,1,1,0
QCT1000002454,1,0,1,0,0,1
QCT1000002455,0,1,0,0,1,1
QCT1000002456,0,0,0,0,0,1
QCT1000002457,0,0,0,1,0,1
QCT1000002458,1,0,1,0,0,0
QCT1000002459,1,0,1,1,1,0
QCT1000002460,0,0,0,1,0,0
QCT1000002461,0,1,1,1,0,1
QCT1000002462,0,1,0,0,1,1
QCT1000002463,0,0,1,0,1,1
QCT1000002464,1,1,1,0,1,1
QCT1000002465,0,1,0,1,0,1
QCT1000002466,0,1,0,0,0,1
QCT1000002467,0,0,1,1,1,1
QCT1000002468,0,1,1,0,0,1
QCT1000002469,0,0,1,1,0,0
QCT1000002470,1,1,1,1,1,1
QCT1000002471,0,0,0,0,1,1
QCT1000002472,0,0,1,1,1,1
QCT1000002473,1,0,1,1,1,0
QCT1000002474,0,1,0,1,0,0
QCT1000002475,1,1,0,0,0,1
QCT1000002476,0,0,1,0,0,0
QCT1000002477,1,0,0,1,1,0
QCT1000002478,0,1,1,0,0,0
QCT1000002479,0,0,0,0,0,1
QCT1000002480,0,0,0,0,1,0
QCT1000002481,1,0,0,1,0,0
QCT1000002482,1,0,1,0,1,1
QCT1000002483,1,1,1,1,0,0
QCT1000002484,1,0,0,1,0,1
QCT1000002485,1,1,0,1,0,0
QCT1000002486,0,0,1,0,0,1
QCT1000002487,0,0,1,0,1,0
QCT1000002488,0,0,0,1,1,1
QCT1000002489,0,0,0,1,0,1
QCT1000002490,1,0,1,1,0,1
QCT1000002491,1,0,0,0,0,0
QCT1000002492,1,1,0,0,0,0
QCT1000002493,1,1,1,0,0,0
QCT1000002494,1,1,0,0,1,1
QCT1000002495,0,1,1,1,1,1
QCT1000002496,0,1,1,1,1,0
QCT1000002497,1,1,0,0,1,0
QCT1000002498,1,0,0,0,1,0
QCT1000002499,0,0,1,1,1,1
QCT1000002500,1,1,0,1,0,0
QCT1000002501,1,1,0,0,1,1
QCT1000002502,0,0,1,1,1,0
QCT1000002503,0,1,1,0,1,0
QCT1000002504,1,0,0,0,0,0
QCT1000002505,1,1,0,0,1,1
QCT1000002506,1,0,1,1,0,0
QCT1000002507,0,0,0,0,0,1
QCT1000002508,1,1,1,1,1,0
QCT1000002509,0,1,0,0,1,1
QCT1000002510,1,1,0,0,0,1
QCT1000002511,1,1,0,0,1,0
QCT1000002512,1,1,1,0,0,1
QCT1000002513,1,1,0,0,0,1
QCT1000002514,0,0,0,0,1,0
QCT1000002515,1,1,0,0,0,0
QCT1000002516,0,0,1,0,0,0
QCT1000002517,0,0,1,0,1,1
QCT1000002518,0,0,0,0,0,0
QCT1000002519,0,1,1,1,0,1
QCT1000002520,1,0,1,0,0,1
QCT1000002521,0,0,0,0,0,0
QCT1000002522,0,1,0,0,1,0
QCT1000002523,1,1,0,1,0,1
QCT1000002524,0,1,0,1,0,1
QCT1000002525,1,1,1,0,1,1
QCT1000002526,0,1,0,0,0,0
QCT1000002527,1,0,0,0,0,1
QCT1000002528,1,0,1,0,0,0
QCT1000002529,1,1,1,0,1,0
QCT1000002530,0,1,0,1,1,0
QCT1000002531,0,1,1,0,0,0
QCT1000002532,0,1,0,1,0,0
QCT1000002533,0,0,0,1,0,0
QCT1000002534,0,1,0,1,0,1
QCT1000002535,0,1,0,0,1,1
QCT1000002536,1,1,1,0,0,0
QCT1000002537,0,0,1,1,1,0
QCT1000002538,1,1,1,0,0,0
QCT1000002539,0,1,0,1,0,1
QCT1000002540,0,1,0,0,0,0
QCT1000002541,0,0,0,0,0,0
QCT1000002542,0,0,0,0,1,0
QCT1000002543,1,1,1,1,0,1
QCT1000002544,0,0,1,1,1,1
QCT1000002545,1,0,0,1,1,0
QCT1000002546,0,1,0,0,1,1
QCT1000002547,1,1,0,0,0,1
QCT1000002548,1,0,1,0,1,1
QCT1000002549,0,1,0,0,1,0
QCT1000002550,0,1,1,0,0,1
QCT1000002551,1,1,1,1,1,0
QCT1000002552,1,1,1,1,0,0
QCT1000002553,1,1,1,0,0,0
QCT1000002554,1,1,0,1,1,1
QCT1000002555,0,0,1,0,1,0
QCT1000002556,0,0,0,0,0,0
QCT1000002557,0,1,0,1,1,1
QCT1000002558,1,1,0,0,0,1
QCT1000002559,1,0,0,1,1,0
QCT1000002560,0,1,1,1,0,0
QCT1000002561,1,0,0,1,1,1
QCT1000002562,0,1,0,0,0,1
QCT1000002563,0,0,0,0,0,0
QCT1000002564,1,0,0,0,1,1
QCT1000002565,1,1,0,1,1,1
QCT1000002566,0,1,0,1,1,0
QCT1000002567,1,0,1,0,0,0
QCT1000002568,0,1,0,1,1,0
QCT1000002569,0,0,1,0,0,0
QCT1000002570,0,0,0,1,1,0
QCT1000002571,1,1,0,0,0,0
QCT1000002572,0,0,0,0,1,0
QCT1000002573,1,0,0,1,0,0
QCT1000002574,1,0,1,1,1,0
QCT1000002575,1,0,1,0,0,0
QCT1000002576,1,1,0,1,0,0
QCT1000002577,1,0,0,0,1,1
QCT1000002578,1,0,0,1,1,0
QCT1000002579,1,1,0,1,1,0
QCT1000002580,1,1,0,1,1,0
QCT1000002581,1,0,0,1,0,0
QCT1000002582,0,1,0,0,1,1
QCT1000002583,1,0,0,0,1,0
QCT1000002584,0,1,1,0,1,1
QCT1000002585,0,1,1,0,1,1
QCT1000002586,1,0,0,1,1,0
QCT1000002587,0,1,1,0,1,0
QCT1000002588,1,0,0,1,1,1
QCT1000002589,1,1,1,1,0,1
QCT1000002590,0,0,0,1,1,1
QCT1000002591,1,1,1,0,1,0
QCT1000002592,1,0,0,1,1,1
QCT1000002593,0,0,1,0,0,1
QCT1000002594,1,0,1,0,0,1
QCT1000002595,0,1,0,1,0,1
QCT1000002596,1,0,1,0,1,0
QCT1000002597,0,1,1,0,0,1
QCT1000002598,0,1,0,1,0,0
QCT1000002599,0,1,1,0,1,0
QCT1000002600,1,0,0,0,0,1
QCT1000002601,0,1,1,1,1,0
QCT1000002602,1,0,0,1,0,1
QCT1000002603,0,1,1,1,1,0
QCT1000002604,1,0,1,0,0,1
QCT1000002605,1,1,0,1,0,0
QCT1000002606,1,0,0,1,0,0
QCT1000002607,1,1,1,1,0,1
QCT1000002608,1,1,1,0,0,0
QCT1000002609,0,0,0,0,0,0
QCT1000002610,1,0,0,0,1,0
QCT1000002611,1,1,0,1,1,1
QCT1000002612,0,1,1,0,0,1
QCT1000002613,0,0,1,1,0,0
QCT1000002614,0,1,0,1,1,1
QCT1000002615,1,0,0,1,1,0
QCT1000002616,0,0,1,0,0,1
QCT1000002617,0,0,0,0,0,1
QCT1000002618,0,0,0,1,1,0
QCT1000002619,1,0,0,0,0,0
QCT1000002620,1,0,1,1,1,0
QCT1000002621,1,0,0,1,1,1
QCT1000002622,1,1,0,1,1,1
QCT1000002623,0,0,0,1,1,1
QCT1000002624,1,1,0,0,1,0
QCT1000002625,1,1,0,1,1,1
QCT1000002626,1,0,1,1,1,0
QCT1000002627,0,0,0,0,0,0
QCT1000002628,0,0,1,0,1,1
QCT1000002629,0,1,1,0,0,1
QCT1000002630,0,1,0,0,1,1
QCT1000002631,0,0,0,0,1,0
QCT1000002632,0,0,0,1,0,1
QCT1000002633,0,1,0,1,0,0
QCT1000002634,0,0,1,1,1,0
QCT1000002635,0,0,0,1,0,0
QCT1000002636,0,1,0,0,0,0
QCT1000002637,0,0,1,1,0,1
QCT1000002638,0,0,0,0,1,1
QCT1000002639,0,1,1,0,1,0
QCT1000002640,0,1,0,1,1,0
QCT1000002641,1,0,0,1,0,1
QCT1000002642,0,0,0,0,1,1
QCT1000002643,1,0,0,1,1,0
QCT1000002644,0,1,0,0,0,1
QCT1000002645,0,0,1,0,1,1
QCT1000002646,0,0,0,1,0,1
QCT1000002647,1,1,1,1,1,0
QCT1000002648,0,1,1,1,0,1
QCT1000002649,0,0,0,0,1,0
QCT1000002650,0,1,1,1,1,1
QCT1000002651,0,1,0,0,1,1
QCT1000002652,0,0,0,1,1,1
QCT1000002653,1,0,1,0,0,0
QCT1000002654,0,1,0,0,0,0
QCT1000002655,1,0,0,1,1,0
QCT1000002656,0,0,0,0,1,0
QCT1000002657,0,0,0,1,0,0
QCT1000002658,0,0,0,0,1,0
QCT1000002659,0,0,0,0,0,1
QCT1000002660,1,1,1,0,0,0
QCT1000002661,1,0,1,1,0,1
QCT1000002662,1,0,0,0,1,1
QCT1000002663,0,1,1,1,1,0
QCT1000002664,1,0,1,1,1,0
QCT1000002665,1,1,1,0,0,0
QCT1000002666,0,0,0,1,1,1
QCT1000002667,1,1,1,0,1,1
QCT1000002668,1,0,1,1,0,0
QCT1000002669,0,0,0,1,1,1
QCT1000002670,1,0,1,0,0,1
QCT1000002671,1,0,1,1,1,1
QCT1000002672,1,1,0,0,1,0
QCT1000002673,0,1,0,1,0,1
QCT1000002674,0,0,0,0,1,0
QCT1000002675,0,1,0,1,0,0
QCT1000002676,1,0,1,1,0,1
QCT1000002677,1,1,1,1,1,0
QCT1000002678,1,1,1,1,0,1
QCT1000002679,1,1,1,1,1,1
QCT1000002680,1,1,0,0,0,1
QCT1000002681,1,0,0,0,1,1
QCT1000002682,0,0,1,1,0,1
QCT1000002683,1,1,0,1,1,1
QCT1000002684,1,0,0,0,0,1
QCT1000002685,1,0,0,1,0,1
QCT1000002686,1,0,1,0,0,1
QCT1000002687,0,1,0,1,0,1
QCT1000002688,0,0,1,1,0,0
QCT1000002689,1,0,0,0,0,1
QCT1000002690,0,0,1,1,0,1
QCT1000002691,0,1,1,1,1,1
QCT1000002692,1,0,0,0,0,1
QCT1000002693,1,0,1,0,0,0
QCT1000002694,1,0,0,0,1,0
QCT1000002695,1,0,1,0,0,1
QCT1000002696,0,1,1,0,0,1
QCT1000002697,1,1,0,0,1,0
QCT1000002698,1,0,0,1,1,1
QCT1000002699,1,1,1,0,1,0
QCT1000002700,0,1,1,1,1,0
QCT1000002701,0,0,1,0,1,1
QCT1000002702,0,0,0,1,0,0
QCT1000002703,0,0,0,0,1,1
QCT1000002704,1,0,0,1,1,1
QCT1000002705,0,0,1,0,0,0
QCT1000002706,0,1,0,0,0,0
QCT1000002707,1,0,1,1,1,0
QCT1000002708,1,0,0,1,0,1
QCT1000002709,1,1,0,0,0,1
QCT1000002710,1,0,1,0,0,1
QCT1000002711,0,1,1,0,1,1
QCT1000002712,1,0,0,1,0,0
QCT1000002713,0,0,0,0,1,1
QCT1000002714,1,1,0,1,0,1
QCT1000002715,1,0,1,0,0,1
QCT1000002716,0,0,1,1,0,1
QCT1000002717,1,1,1,0,1,0
QCT1000002718,0,1,0,0,0,0
QCT1000002719,0,0,1,0,1,0
QCT1000002720,1,1,0,1,1,0
QCT1000002721,0,1,1,1,1,0
QCT1000002722,1,0,1,0,0,1
QCT1000002723,0,0,1,1,0,1
QCT1000002724,1,0,1,1,1,0
QCT1000002725,1,1,1,0,0,1
QCT1000002726,1,1,0,0,1,1
QCT1000002727,0,0,0,0,1,1
QCT1000002728,1,0,0,0,0,0
QCT1000002729,0,1,0,1,0,0
QCT1000002730,0,0,1,1,0,0
QCT1000002731,0,0,1,1,0,0
QCT1000002732,1,0,1,1,0,0
QCT1000002733,1,0,1,0,1,1
QCT1000002734,0,1,0,1,1,0
QCT1000002735,1,0,1,1,1,0
QCT1000002736,1,0,1,0,0,0
QCT1000002737,0,0,1,1,0,0
QCT1000002738,1,1,1,0,0,0
QCT1000002739,1,1,0,0,1,0
QCT1000002740,0,1,1,0,1,1
QCT1000002741,1,0,1,1,1,0
QCT1000002742,0,1,1,1,1,1
QCT1000002743,0,1,0,1,0,0
QCT1000002744,0,0,0,1,0,1
QCT1000002745,0,0,1,1,0,1
QCT1000002746,0,1,1,0,1,0
QCT1000002747,0,0,1,1,0,1
QCT1000002748,1,1,0,1,0,1
QCT1000002749,0,0,0,0,1,1
QCT1000002750,1,1,1,1,0,1
QCT1000002751,1,0,0,1,0,1
QCT1000002752,0,0,0,0,0,0
QCT1000002753,0,1,1,0,1,0
QCT1000002754,1,1,0,0,1,0
QCT1000002755,1,0,0,1,0,1
QCT1000002756,0,0,0,1,1,1
QCT1000002757,0,1,1,0,1,1
QCT1000002758,1,0,0,1,0,0
QCT1000002759,0,0,1,1,1,0
QCT1000002760,1,1,0,1,1,1
QCT1000002761,0,0,1,1,1,0
QCT1000002762,0,0,0,0,1,1
QCT1000002763,0,0,1,1,1,0
QCT1000002764,1,0,1,1,1,1
QCT1000002765,0,1,0,0,1,0
QCT1000002766,1,0,1,1,0,0
QCT1000002767,0,0,0,1,0,0
QCT1000002768,1,0,1,0,0,1
QCT1000002769,0,1,1,1,0,0
QCT1000002770,0,0,1,1,1,0
QCT1000002771,0,1,0,1,0,1
QCT1000002772,0,1,0,0,1,1
QCT1000002773,1,1,1,1,0,1
QCT1000002774,1,1,0,0,1,1
QCT1000002775,1,0,0,0,1,1
QCT1000002776,1,0,1,0,0,1
QCT1000002777,0,1,1,1,1,1
QCT1000002778,0,0,0,0,0,0
QCT1000002779,1,0,0,0,1,0
QCT1000002780,1,1,0,1,1,0
QCT1000002781,0,1,1,1,0,1
QCT1000002782,1,1,0,1,1,0
QCT1000002783,0,0,1,0,0,0
QCT1000002784,1,0,0,1,1,1
QCT1000002785,1,1,1,0,1,0
QCT1000002786,0,0,1,1,0,1
QCT1000002787,1,1,0,0,1,1
QCT1000002788,0,0,1,0,0,0
QCT1000002789,0,0,1,1,1,0
QCT1000002790,1,0,1,1,0,0
QCT1000002791,1,0,0,1,1,1
QCT1000002792,1,1,0,0,1,1
QCT1000002793,1,0,1,1,0,1
QCT1000002794,1,0,1,1,1,0
QCT1000002795,1,0,1,0,1,0
QCT1000002796,0,0,1,0,0,0
QCT1000002797,1,0,1,1,0,0
QCT1000002798,0,1,1,1,1,1
QCT1000002799,1,1,0,1,0,1
QCT1000002800,0,1,0,0,1,1
QCT1000002801,0,1,0,1,0,0
QCT1000002802,1,0,1,0,0,1
QCT1000002803,1,1,1,1,1,0
QCT1000002804,0,0,1,1,0,1
QCT1000002805,1,0,1,1,1,1
QCT1000002806,1,0,1,0,0,1
QCT1000002807,0,1,0,1,0,1
QCT1000002808,1,1,1,1,0,1
QCT1000002809,0,1,0,1,0,1
QCT1000002810,1,1,0,0,1,0
QCT1000002811,1,0,1,0,1,0
QCT1000002812,1,1,1,0,0,1
QCT1000002813,0,0,1,1,1,0
QCT1000002814,0,0,0,1,0,1
QCT1000002815,1,0,0,1,0,1
QCT1000002816,0,0,0,1,1,1
QCT1000002817,1,1,1,0,1,1
QCT1000002818,1,1,0,1,0,1
QCT1000002819,1,0,1,0,0,1
QCT1000002820,0,0,0,1,1,1
QCT1000002821,0,0,0,1,1,1
QCT1000002822,0,0,1,1,0,0
QCT1000002823,1,1,1,0,0,1
QCT1000002824,1,0,0,1,0,0
QCT1000002825,0,0,1,0,0,1
QCT1000002826,0,0,0,1,1,1
QCT1000002827,1,0,1,0,1,1
QCT1000002828,1,0,0,0,1,0
QCT1000002829,1,1,1,1,0,0
QCT1000002830,1,1,0,0,1,0
QCT1000002831,1,0,1,0,0,0
QCT1000002832,0,0,1,1,0,0
QCT1000002833,1,0,0,1,0,0
QCT1000002834,1,0,0,1,1,1
QCT1000002835,0,0,1,1,1,0
QCT1000002836,0,1,0,0,1,1
QCT1000002837,0,0,0,0,1,0
QCT1000002838,1,0,0,1,0,0
QCT1000002839,0,0,0,1,1,0
QCT1000002840,1,1,0,1,1,0
QCT1000002841,0,0,0,0,1,0
QCT1000002842,0,1,1,0,0,1
QCT1000002843,0,1,0,1,1,1
QCT1000002844,1,1,1,1,1,0
QCT1000002845,0,1,0,0,1,0
QCT1000002846,0,0,1,1,1,0
QCT1000002847,1,0,0,0,1,0
QCT1000002848,1,1,1,0,0,1
QCT1000002849,1,0,1,1,1,1
QCT1000002850,0,0,0,1,0,1
QCT1000002851,0,0,0,0,1,0
QCT1000002852,1,0,1,0,1,1
QCT1000002853,0,1,1,1,1,0
QCT1000002854,0,1,1,0,0,0
QCT1000002855,0,0,1,1,1,0
QCT1000002856,0,0,1,0,0,1
QCT1000002857,1,1,0,1,0,1
QCT1000002858,1,0,0,0,1,1
QCT1000002859,1,1,0,0,1,0
QCT1000002860,0,0,1,0,0,0
QCT1000002861,0,1,1,0,0,0
QCT1000002862,1,1,1,1,1,0
QCT1000002863,0,1,0,1,1,1
QCT1000002864,0,0,1,1,1,1
QCT1000002865,0,1,0,1,1,0
QCT1000002866,1,1,0,1,0,1
QCT1000002867,1,0,0,0,1,1
QCT1000002868,0,1,1,1,1,1
QCT1000002869,1,0,1,1,1,1
QCT1000002870,1,1,0,1,0,0
QCT1000002871,0,1,1,0,1,1
QCT1000002872,1,1,1,1,0,0
QCT1000002873,1,0,1,0,0,1
QCT1000002874,0,0,0,1,0,0
QCT1000002875,1,0,1,0,0,1
QCT1000002876,1,0,1,0,1,0
QCT1000002877,1,0,1,1,1,0
QCT1000002878,0,0,0,0,0,1
QCT1000002879,1,1,1,0,0,1
QCT1000002880,0,0,0,0,0,0
QCT1000002881,1,0,1,0,0,1
QCT1000002882,0,1,0,0,1,0
QCT1000002883,1,1,1,1,0,0
QCT1000002884,1,0,0,0,1,1
QCT1000002885,0,1,0,1,1,1
QCT1000002886,1,0,1,0,1,0
QCT1000002887,0,0,0,0,1,0
QCT1000002888,1,1,0,0,0,0
QCT1000002889,1,1,0,0,1,0
QCT1000002890,1,0,1,1,1,0
QCT1000002891,0,0,1,1,1,0
QCT1000002892,0,0,0,0,1,0
QCT1000002893,0,0,1,1,0,0
QCT1000002894,0,1,0,1,1,1
QCT1000002895,1,1,1,0,0,1
QCT1000002896,1,0,1,1,1,0
QCT1000002897,0,1,1,0,0,0
QCT1000002898,1,1,1,0,1,1
QCT1000002899,1,1,0,0,0,1
QCT1000002900,1,1,0,1,0,1
QCT1000002901,1,0,0,0,1,0
QCT1000002902,1,0,0,1,0,0
QCT1000002903,1,1,1,1,0,0
QCT1000002904,1,1,0,0,0,0
QCT1000002905,1,0,0,1,0,1
QCT1000002906,1,1,1,1,1,1
QCT1000002907,1,1,1,1,1,0
QCT1000002908,0,0,0,1,1,1
QCT1000002909,1,1,1,1,0,0
QCT1000002910,0,0,1,1,0,1
QCT1000002911,1,0,1,0,1,0
QCT1000002912,1,1,1,1,1,0
QCT1000002913,0,1,1,1,0,0
QCT1000002914,0,1,1,0,0,0
QCT1000002915,0,0,0,1,1,1
QCT1000002916,1,1,0,1,0,0
QCT1000002917,1,1,1,0,1,0
QCT1000002918,1,0,0,1,1,1
QCT1000002919,0,0,1,1,0,0
QCT1000002920,0,0,1,0,0,1
QCT1000002921,1,1,0,0,1,0
QCT1000002922,1,1,0,1,1,0
QCT1000002923,1,1,0,0,0,1
QCT1000002924,0,1,1,1,1,0
QCT1000002925,1,1,0,0,1,0
QCT1000002926,1,1,1,0,0,1
QCT1000002927,0,0,1,0,1,1
QCT1000002928,1,1,0,1,1,1
QCT1000002929,1,1,0,1,0,1
QCT1000002930,0,1,1,1,0,0
QCT1000002931,0,0,1,1,1,1
QCT1000002932,0,1,0,1,0,0
QCT1000002933,0,0,0,1,1,0
QCT1000002934,1,0,1,0,1,1
QCT1000002935,0,1,1,0,0,1
QCT1000002936,1,0,1,0,0,1
QCT1000002937,1,1,0,0,0,0
QCT1000002938,1,1,1,0,1,1
QCT1000002939,0,0,0,0,0,1
QCT1000002940,0,1,1,1,1,1
QCT1000002941,1,0,1,1,0,0
QCT1000002942,1,0,0,0,1,0
QCT1000002943,1,0,0,0,0,0
QCT1000002944,1,0,1,0,0,0
QCT1000002945,0,0,0,1,0,1
QCT1000002946,0,0,0,0,0,0
QCT1000002947,1,1,1,1,0,1
QCT1000002948,0,1,1,1,0,0
QCT1000002949,1,0,0,0,0,1
QCT1000002950,0,0,0,1,1,0
QCT1000002951,0,1,1,0,1,0
QCT1000002952,0,0,1,0,0,1
QCT1000002953,0,1,0,0,0,0
QCT1000002954,1,1,1,0,1,0
QCT1000002955,0,0,1,1,0,0
QCT1000002956,0,1,1,0,1,1
QCT1000002957,0,0,1,1,1,1
QCT1000002958,0,1,0,1,0,0
QCT1000002959,1,0,0,1,0,1
QCT1000002960,0,0,0,1,1,0
QCT1000002961,0,1,1,1,1,1
QCT1000002962,0,0,0,0,0,1
QCT1000002963,1,1,1,1,0,1
QCT1000002964,1,0,0,0,0,0
QCT1000002965,1,1,0,1,0,1
QCT1000002966,0,0,1,0,0,0
QCT1000002967,0,0,0,1,1,1
QCT1000002968,1,1,1,1,0,0
QCT1000002969,0,1,0,1,1,0
QCT1000002970,1,0,1,1,1,1
QCT1000002971,1,1,0,1,0,1
QCT1000002972,0,1,0,1,1,0
QCT1000002973,0,1,1,0,1,1
QCT1000002974,0,0,1,0,1,0
QCT1000002975,0,0,0,1,1,1
QCT1000002976,0,1,0,0,0,1
QCT1000002977,1,1,0,1,1,1
QCT1000002978,0,1,0,0,0,1
QCT1000002979,0,1,0,1,1,0
QCT1000002980,1,0,0,1,0,0
QCT1000002981,1,1,0,0,0,0
QCT1000002982,0,1,1,1,0,0
QCT1000002983,0,0,0,0,0,0
QCT1000002984,0,0,1,0,0,1
QCT1000002985,0,0,1,0,0,0
QCT1000002986,1,1,0,0,1,0
QCT1000002987,0,0,1,1,0,0
QCT1000002988,0,1,1,0,0,0
QCT1000002989,1,0,1,0,1,1
QCT1000002990,1,0,0,1,0,1
QCT1000002991,0,0,1,0,0,1
QCT1000002992,0,0,1,1,0,1
QCT1000002993,1,0,1,1,1,1
QCT1000002994,1,0,0,0,0,1
QCT1000002995,0,1,1,1,1,1
QCT1000002996,0,1,1,1,1,0
QCT1000002997,1,1,1,0,1,0
QCT1000002998,1,0,0,1,1,1
QCT1000002999,1,0,0,1,0,1
QCT1000003000,1,0,0,1,0,0
